Longitude,Latitude,S2_B01,S2_B02,S2_B03,S2_B04,S2_B05,S2_B06,S2_B07,S2_B08,S2_B8A,S2_B11,S2_B12,NDVI_S2,NDBI_S2,NDWI_S2,NDVI_LS,LST_LS
-73.971665,40.78876333,786.0,511.0,557.0,560.0,1112.0,2163.0,2587.0,2282.0,2627.0,1713.0,1180.0,0.6059113300492611,-0.14242803504380475,-0.6076083127861923,0.581530386287214,42.59126966000002
-73.97192833,40.788875,1163.0,628.0,845.0,722.0,1245.0,2582.0,2959.0,3002.0,2945.0,2152.0,1421.0,0.6122448979591837,-0.16492045013581685,-0.5606966467377177,0.5095955516167738,42.755334619999985
-73.96708,40.78908,1049.0,841.0,939.0,1008.0,938.0,1268.0,1599.0,1402.0,1576.0,1424.0,1096.0,0.16348547717842324,0.00778485491861288,-0.19777872703972663,0.2726560605778019,40.557547760000034
-73.97255,40.78908167,1148.0,1126.0,1076.0,1270.0,1971.0,1978.0,2126.0,1664.0,1952.0,2303.0,2383.0,0.13428766189502386,0.16107890093269472,-0.2145985401459854,0.1663887917820744,42.00337022000002
-73.96969667,40.78795333,1018.0,706.0,791.0,687.0,1004.0,2129.0,2644.0,3038.0,2530.0,2102.0,1748.0,0.6311409395973154,-0.1821011673151751,-0.5868372943327239,0.2997933816536028,40.410572900000034
-73.97021167,40.78418333,998.0,1710.0,1904.0,2286.0,2039.0,2276.0,2323.0,2740.0,2185.0,2289.0,2163.0,0.09033028253083963,-0.08967985683038378,-0.18001722652885443,0.23507482278813324,40.52336756
-73.96975167,40.78470833,996.0,2008.0,2338.0,2380.0,1870.0,2200.0,2226.0,2822.0,2128.0,2422.0,2150.0,0.08496732026143791,-0.07627765064836003,-0.0937984496124031,0.22472335193417198,38.68447279999998
-73.96676667,40.78886333,658.0,1236.0,1434.0,1714.0,1686.0,2030.0,2004.0,2164.0,2202.0,1980.0,1775.0,0.11603919546157813,-0.0444015444015444,-0.2028904947192885,0.15610052010302622,39.85001762000002
-73.97130333,40.788585,786.0,457.0,624.0,620.0,1125.0,1858.0,2095.0,2496.0,2180.0,1738.0,1293.0,0.6020539152759948,-0.17902692489371752,-0.6,0.4816843011089163,42.49898312000005
-73.966635,40.78418333,494.0,412.0,583.0,463.0,787.0,2358.0,2914.0,3432.0,3127.0,1671.0,853.0,0.7622593068035943,-0.34509112286890065,-0.7095890410958904,0.7503485210285857,35.27328884000002
-73.98672167,40.78182667,499.0,388.0,550.0,428.0,929.0,2199.0,2789.0,2896.0,3038.0,1619.0,924.0,0.7424789410348978,-0.28283499446290145,-0.6807893209518282,0.41790835536329407,34.24104680000005
-73.95032333,40.81512333,806.0,1112.0,1432.0,1482.0,1693.0,2211.0,2413.0,2634.0,2590.0,2381.0,1987.0,0.27988338192419826,-0.05044865403788634,-0.2956222331529759,0.5640371409091229,39.69962473999999
-73.98230833,40.76774167,1309.0,751.0,645.0,526.0,931.0,1054.0,1128.0,681.0,1146.0,1004.0,827.0,0.12841756420878211,0.1916913946587537,-0.027149321266968326,0.1390187052719116,39.48087146
-73.96508333,40.78370667,666.0,556.0,701.0,586.0,1001.0,2151.0,2668.0,2774.0,2932.0,1754.0,1130.0,0.6511904761904762,-0.2252650176678445,-0.596546762589928,0.5153942612672421,36.30894890000002
-73.97968333,40.77094667,597.0,1050.0,1166.0,1168.0,963.0,1578.0,2093.0,1510.0,2171.0,1609.0,1107.0,0.1277072442120986,0.031740942609810835,-0.12855007473841554,0.7018158183369217,39.197175800000025
-73.95570333,40.79593833,281.0,484.0,578.0,533.0,776.0,2323.0,2858.0,2430.0,3138.0,1690.0,915.0,0.6402294971312859,-0.1796116504854369,-0.6156914893617021,0.8302172754012137,35.05111754000001
-73.97289167,40.78512667,1293.0,1384.0,1434.0,1378.0,1714.0,1681.0,1884.0,1692.0,1883.0,2225.0,1975.0,0.1022801302931596,0.13607352565739086,-0.08253358925143954,0.14813463612714925,45.165038719999984
-73.95583833,40.78309833,913.0,905.0,1112.0,1140.0,886.0,1328.0,1331.0,1840.0,1466.0,1431.0,1171.0,0.2348993288590604,-0.1250382146132681,-0.24661246612466126,0.3547564133950086,41.213807599999996
-73.96325,40.781915,365.0,245.0,389.0,250.0,653.0,2298.0,3083.0,3084.0,3225.0,1562.0,748.0,0.8500299940011997,-0.3275936289281102,-0.7759861790958825,0.7970109147321182,34.93490486000002
-73.94459,40.777375,1404.0,757.0,845.0,895.0,1470.0,1843.0,2205.0,1918.0,2213.0,2073.0,1739.0,0.3636686811233559,0.03883738411425708,-0.3883460007238509,0.3388821243307257,42.69722827999999
-73.97195,40.78476,1233.0,907.0,1036.0,1098.0,1397.0,1632.0,1718.0,1844.0,2228.0,2158.0,2002.0,0.25356900067980964,0.07846076961519241,-0.28055555555555556,0.3229231730168644,43.74656042000004
-73.94579667,40.781725,1110.0,846.0,914.0,988.0,1278.0,1657.0,1875.0,1760.0,1832.0,2004.0,1760.0,0.28093158660844253,0.06482465462274177,-0.3163799551234106,0.19145157470992172,39.23477402000003
-73.98071167,40.78740333,1000.0,1400.0,1242.0,1418.0,1702.0,1985.0,2159.0,1878.0,2044.0,2213.0,1930.0,0.1395631067961165,0.08188706917624053,-0.20384615384615384,0.19697416518643995,39.87394376000003
-73.96015833,40.758905,1324.0,1402.0,1980.0,2210.0,2450.0,2480.0,2974.0,3134.0,2611.0,2273.0,1704.0,0.17290419161676646,-0.1592380247826891,-0.22565506452874462,0.22716427995945634,41.114685020000024
-73.98460333,40.78264333,857.0,448.0,370.0,354.0,738.0,1494.0,2207.0,1090.0,2067.0,1343.0,780.0,0.5096952908587258,0.10398684751335799,-0.4931506849315068,0.11046567385020067,39.033110840000006
-73.97688333,40.79036333,1247.0,2126.0,2350.0,2576.0,2348.0,2675.0,2702.0,2890.0,2505.0,2244.0,2166.0,0.057446030003658985,-0.12582781456953643,-0.10305343511450382,0.1429008641865934,41.28216800000001
-73.94998833,40.81563833,729.0,1682.0,2086.0,2044.0,2363.0,2878.0,3117.0,3374.0,3225.0,2705.0,2111.0,0.2454780361757106,-0.11005099522947853,-0.2358974358974359,0.12393109887949678,39.28262630000006
-73.94784,40.77889,1153.0,1156.0,1298.0,1422.0,1314.0,1387.0,1473.0,1850.0,1642.0,1743.0,1358.0,0.13080684596577016,-0.02978012802671862,-0.17534942820838628,0.14778302535650412,41.524847420000015
-73.973275,40.78934667,1176.0,373.0,525.0,418.0,1298.0,2139.0,2433.0,2540.0,2498.0,2014.0,1693.0,0.7173766058147397,-0.11550285463328941,-0.6574225122349103,0.3582756088363137,42.39644252000005
-73.95970667,40.79867333,1515.0,1438.0,1644.0,1788.0,1661.0,1982.0,1958.0,2356.0,2121.0,2290.0,2116.0,0.13706563706563707,-0.01420576840292725,-0.178,0.32116564131679143,38.53407992000001
-73.94704833,40.78009,1363.0,1396.0,1484.0,1662.0,1687.0,1691.0,1985.0,1976.0,1720.0,1996.0,1778.0,0.0863111599780099,0.005035246727089627,-0.14219653179190753,0.13274770800567726,41.48724920000001
-73.982415,40.76795333,1309.0,744.0,938.0,766.0,1437.0,1940.0,2070.0,1594.0,2386.0,2218.0,1704.0,0.35084745762711866,0.16369359916054566,-0.25908372827804105,0.2558943469639717,39.99357445999999
-73.97984667,40.78694667,1229.0,1028.0,1206.0,1102.0,1688.0,1986.0,2287.0,1884.0,2355.0,2237.0,1778.0,0.26188881446751505,0.08565882067459354,-0.21941747572815534,0.21437487793072413,41.27191393999999
-73.98738167,40.78111,818.0,765.0,922.0,1010.0,1466.0,1534.0,1610.0,1272.0,1446.0,1748.0,1602.0,0.11481156879929887,0.1576158940397351,-0.15952597994530537,0.06053277603876725,35.512550239999996
-73.97607667,40.789975,935.0,769.0,877.0,949.0,913.0,1006.0,1019.0,960.0,1150.0,1304.0,1177.0,0.005762179151388162,0.1519434628975265,-0.045182362547632006,0.17754047892004676,42.35542628000002
-73.96195667,40.79138333,402.0,600.0,786.0,698.0,950.0,2481.0,3227.0,2498.0,3328.0,1884.0,1026.0,0.5632040050062578,-0.1401186672752168,-0.5213154689403167,0.7209584337789466,35.76548372000002
-73.97963,40.78667,994.0,1134.0,1208.0,1474.0,1831.0,2031.0,1998.0,1886.0,2056.0,1968.0,1646.0,0.12261904761904761,0.02127659574468085,-0.21913380736910149,0.2592896548579766,41.586371780000036
-73.95438833,40.78251333,1044.0,702.0,965.0,915.0,1171.0,1714.0,1810.0,1552.0,1827.0,1724.0,1592.0,0.25820835022294286,0.052503052503052504,-0.23321414382201033,0.20786207952560265,42.18452528
-73.96295833,40.79177333,384.0,358.0,590.0,389.0,910.0,2470.0,3184.0,3244.0,3267.0,1784.0,934.0,0.785851913019543,-0.2903739061256961,-0.692227438706312,0.6606290085773898,35.792827880000004
-73.941705,40.790355,1154.0,1398.0,1620.0,1810.0,2764.0,2800.0,2806.0,1976.0,2753.0,2437.0,1897.0,0.04384574749075541,0.10446408338998414,-0.09899888765294772,0.18691322146804945,42.895473440000046
-73.98581667,40.78309667,455.0,474.0,647.0,472.0,980.0,2715.0,3652.0,3444.0,3812.0,1839.0,933.0,0.7589376915219612,-0.3038046564452016,-0.6836959178684918,0.7197454099648362,33.27374714000001
-73.96991,40.79022,924.0,815.0,979.0,1000.0,1431.0,1379.0,1610.0,1140.0,1836.0,1890.0,1661.0,0.06542056074766354,0.24752475247524752,-0.07597923548843795,0.20558294894226153,42.67672016000006
-73.95996333,40.79833667,1095.0,1550.0,1576.0,1818.0,2283.0,2299.0,2289.0,2142.0,2321.0,2705.0,2435.0,0.08181818181818182,0.11615432226119249,-0.15223238300161376,0.11972672485453038,39.85343564000004
-73.98242,40.76804,953.0,722.0,849.0,703.0,1476.0,2049.0,2272.0,1832.0,2078.0,1999.0,1543.0,0.44536489151873765,0.0435917515009136,-0.36665423349496457,0.2558943469639717,39.99357445999999
-73.97728333,40.77158667,481.0,902.0,1104.0,1116.0,1320.0,2196.0,2385.0,2482.0,2621.0,2019.0,1653.0,0.37965536409116174,-0.10286602977116197,-0.38427216954824317,0.40394057561453084,37.180544000000054
-73.94637333,40.77291833,949.0,1754.0,2366.0,2242.0,2529.0,2505.0,2612.0,2864.0,2578.0,2507.0,2158.0,0.1218174696435566,-0.06646806926084528,-0.09521988527724666,0.0918840597658161,39.378330860000005
-73.96973667,40.79016,924.0,1368.0,1386.0,1478.0,1431.0,1379.0,1610.0,1496.0,1836.0,1890.0,1661.0,0.00605245460659045,0.11636148848198465,-0.03816793893129771,0.24763638389954867,43.00143206000001
-73.95559167,40.796185,281.0,306.0,389.0,246.0,700.0,2597.0,3210.0,3522.0,3681.0,1718.0,819.0,0.8694267515923567,-0.34427480916030534,-0.80107389414472,0.7407440825287979,36.83532398
-73.96010333,40.75887667,1324.0,782.0,916.0,989.0,2450.0,2480.0,2974.0,1632.0,2611.0,2273.0,1704.0,0.24532621136970623,0.1641485275288092,-0.28100470957613816,0.1392710520542793,40.89593174000004
-73.97565,40.78978167,935.0,1380.0,1554.0,1698.0,1660.0,1845.0,1955.0,2022.0,2009.0,2184.0,1994.0,0.08709677419354839,0.03851640513552068,-0.13087248322147652,0.43712355633035516,42.013624280000045
-73.95958667,40.79883167,980.0,2150.0,2322.0,2404.0,2244.0,2340.0,2619.0,2720.0,2401.0,2950.0,2653.0,0.06167056986729118,0.04056437389770723,-0.07893692978976596,0.14221243281420212,39.06045500000005
-73.95093167,40.81433333,1104.0,1368.0,1566.0,1516.0,1622.0,2043.0,2020.0,2418.0,2188.0,1947.0,1709.0,0.22928317234367057,-0.10790378006872853,-0.21385542168674698,0.2608478297095412,40.87884164000002
-73.98085833,40.76942167,773.0,984.0,1100.0,1194.0,2000.0,2014.0,2179.0,1554.0,2367.0,2461.0,2237.0,0.13100436681222707,0.22590286425902864,-0.1710625470987189,0.44979750380150857,37.624886600000025
-73.96359333,40.78273833,478.0,728.0,891.0,919.0,995.0,2645.0,3301.0,2810.0,3388.0,1813.0,1051.0,0.5071064628586752,-0.21566082630326627,-0.5185085112131856,0.703181787776762,34.49398028000002
-73.96236,40.78117,572.0,505.0,611.0,528.0,925.0,2372.0,2997.0,2742.0,3129.0,1824.0,1008.0,0.6770642201834862,-0.20105124835742444,-0.6355502535043245,0.6950706860249292,40.06535287999998
-73.98243167,40.76812833,953.0,655.0,837.0,669.0,1476.0,2049.0,2272.0,1924.0,2078.0,1999.0,1543.0,0.48399537215580407,0.01911802192199847,-0.39369793553060484,0.2558943469639717,39.99357445999999
-73.98065667,40.78737833,1000.0,1396.0,1562.0,1676.0,1854.0,2127.0,2192.0,2122.0,2235.0,2402.0,2192.0,0.11743022643496577,0.0618921308576481,-0.15200868621064062,0.21791273633339256,40.98480026000004
-73.96223833,40.79151333,402.0,498.0,638.0,552.0,820.0,2308.0,2679.0,2750.0,2892.0,1650.0,922.0,0.6656571774682011,-0.25,-0.6233766233766234,0.6279055537283639,35.53647638000001
-73.97228167,40.784905,1179.0,1362.0,1456.0,1638.0,1581.0,1798.0,1907.0,2024.0,2070.0,2211.0,1903.0,0.10540688148552703,0.04415584415584416,-0.1632183908045977,0.28100036695176006,43.999493900000004
-73.984475,40.78302333,857.0,577.0,655.0,503.0,1019.0,1323.0,1592.0,1748.0,1801.0,1356.0,1007.0,0.5530875166592626,-0.12628865979381443,-0.4548481065334998,0.3514942825915782,38.92373420000001
-73.97515667,40.78964,1007.0,380.0,416.0,316.0,1350.0,1770.0,1640.0,1234.0,1788.0,1657.0,1212.0,0.5922580645161291,0.1463161535800761,-0.49575757575757573,0.2037153352747482,41.52826544000004
-73.96217833,40.78093667,572.0,1082.0,1074.0,1186.0,1296.0,2596.0,3035.0,2268.0,3304.0,2112.0,1328.0,0.3132599884192241,-0.03561643835616438,-0.35727109515260325,0.6251699388599855,39.58341206
-73.95764833,40.7896,534.0,607.0,739.0,673.0,1113.0,2565.0,3066.0,3060.0,3353.0,2026.0,1296.0,0.6394320921510849,-0.20330318521431381,-0.6109502500658068,0.6546181895422523,36.199572260000025
-73.89286,40.84138833,934.0,1112.0,1202.0,1328.0,1907.0,2085.0,2233.0,2062.0,2370.0,2768.0,2382.0,0.21651917404129795,0.14616977225672878,-0.26348039215686275,0.20082542776074055,42.02387834000001
-73.95836333,40.78989667,367.0,613.0,864.0,797.0,846.0,3027.0,3915.0,3212.0,4243.0,2028.0,1006.0,0.6023946121227238,-0.22595419847328244,-0.5760549558390579,0.7398262285488939,36.182482160000006
-73.93310667,40.79522,1413.0,1162.0,1226.0,1502.0,1226.0,1573.0,1706.0,2066.0,1949.0,2069.0,1781.0,0.15807174887892378,0.0007255139056831923,-0.2551640340218712,0.19122560650815937,43.98240380000004
-73.898815,40.80721667,1056.0,990.0,1060.0,1030.0,1430.0,1926.0,2088.0,1992.0,2222.0,2080.0,1799.0,0.3183322303110523,0.021611001964636542,-0.3053735255570118,0.214260935928123,47.08596596000001
-73.975995,40.78651667,1420.0,1532.0,2056.0,1762.0,2109.0,2234.0,2448.0,2644.0,2350.0,2744.0,2384.0,0.20018157058556513,0.01855976243504083,-0.1251063829787234,0.20355585414279803,43.3158899
-73.98061167,40.78789333,804.0,617.0,880.0,873.0,1118.0,1621.0,1766.0,1244.0,1708.0,1775.0,1677.0,0.1752479924421351,0.1758860549850944,-0.1713747645951036,0.28016391120023554,39.456945320000045
-73.96706333,40.807085,1063.0,312.0,395.0,287.0,1199.0,1891.0,1847.0,1830.0,2044.0,1784.0,1274.0,0.7288615965989608,-0.012728278915329275,-0.6449438202247191,0.26841020637749274,39.84318158000002
-73.96702333,40.79345333,865.0,1052.0,1009.0,1250.0,1450.0,1720.0,1892.0,1324.0,1737.0,1779.0,1381.0,0.028749028749028748,0.14663229133097003,-0.1350192884697814,0.21281888765647272,42.30415598000002
-73.98249667,40.77439333,1737.0,1622.0,2026.0,2276.0,2759.0,3220.0,3400.0,2996.0,3687.0,3801.0,3391.0,0.13657056145675264,0.1184346035015448,-0.19315013938669853,0.29504890591912886,40.913021840000056
-73.95459,40.79726333,466.0,387.0,613.0,421.0,812.0,2576.0,3107.0,2886.0,3513.0,1803.0,920.0,0.745388569700635,-0.2309660908509277,-0.6496141754787083,0.7878214229373718,36.47301386000004
-73.93384167,40.79543,1359.0,1011.0,1082.0,1122.0,1441.0,1867.0,2000.0,2522.0,2089.0,1977.0,1752.0,0.38419319429198684,-0.121138030673483,-0.3995560488346282,0.18079438740088424,43.79099468000004
-73.97887167,40.78633833,984.0,1010.0,1228.0,1280.0,1195.0,1235.0,1519.0,1808.0,1362.0,1502.0,1366.0,0.17098445595854922,-0.09244712990936556,-0.19104084321475626,0.1202193215357448,44.204575100000056
-73.98053,40.78922667,784.0,1418.0,1678.0,1786.0,1685.0,1803.0,1771.0,2322.0,1786.0,1939.0,1749.0,0.13047711781888996,-0.0898850035203004,-0.161,0.14081293266813627,39.491125520000026
-73.9723,40.79635667,884.0,648.0,700.0,769.0,1439.0,1777.0,1969.0,2172.0,2292.0,2026.0,1711.0,0.47704862291737504,-0.034778465936160075,-0.5125348189415042,0.23763181266652492,41.38129058000004
-73.98471,40.785675,804.0,1434.0,1562.0,1694.0,2000.0,2084.0,2260.0,1972.0,2298.0,2092.0,1733.0,0.07583196944899072,0.02952755905511811,-0.11601584606677985,0.26676228629836624,34.29573512000002
-73.98227833,40.77546,875.0,1304.0,1380.0,1440.0,1453.0,1710.0,1828.0,1822.0,1811.0,1778.0,1465.0,0.11710606989576947,-0.012222222222222223,-0.13803872579637727,0.2768874614845367,40.53703963999999
-73.94239,40.78637333,1042.0,1086.0,1086.0,1138.0,1479.0,1527.0,1512.0,1312.0,1537.0,1719.0,1538.0,0.07102040816326531,0.1342791158033652,-0.09424520433694746,0.11954758946060372,44.52928700000001
-73.97824333,40.78618,820.0,452.0,593.0,491.0,1146.0,1630.0,1937.0,2414.0,1805.0,1587.0,1326.0,0.6619621342512909,-0.20669832541864533,-0.6055869637512471,0.4720485880214566,44.74462226000003
-73.97923667,40.78652667,994.0,601.0,694.0,840.0,835.0,1080.0,862.0,1194.0,1002.0,1212.0,1105.0,0.17404129793510326,0.007481296758104738,-0.2648305084745763,0.20921976626674624,42.6835562
-73.977965,40.79070667,1305.0,1440.0,1440.0,1576.0,1765.0,2067.0,2379.0,1998.0,2332.0,2360.0,2048.0,0.11807498601007274,0.0830656264341441,-0.16230366492146597,0.3283479872991277,41.54535554000006
-73.973785,40.78925667,892.0,1132.0,1282.0,1422.0,1141.0,1559.0,1585.0,1772.0,1717.0,1670.0,1456.0,0.10958046336881654,-0.029633933759442184,-0.160445317616241,0.3767712065584403,42.23237756000003
-73.95881833,40.79981333,857.0,899.0,902.0,998.0,1446.0,1679.0,1825.0,1364.0,1907.0,2007.0,1788.0,0.15495342929720576,0.19074458617620885,-0.20388349514563106,0.10864365074469334,40.94036600000004
-73.98191,40.76774,883.0,760.0,739.0,739.0,853.0,1211.0,1302.0,1474.0,1181.0,974.0,862.0,0.33212833258020785,-0.2042483660130719,-0.33212833258020785,0.24811643034302033,39.4364372
-73.98061833,40.78785167,804.0,617.0,880.0,873.0,1118.0,1621.0,1766.0,1244.0,1708.0,1775.0,1677.0,0.1752479924421351,0.1758860549850944,-0.1713747645951036,0.28016391120023554,39.456945320000045
-73.92448833,40.84360667,1203.0,1268.0,1474.0,1400.0,1445.0,2308.0,2602.0,2818.0,2642.0,2273.0,2028.0,0.3361782835467046,-0.10705165979178943,-0.3131407269338304,0.2892449771462349,41.880321500000036
-73.89894667,40.80784333,1273.0,754.0,896.0,832.0,1419.0,1695.0,1868.0,1972.0,1897.0,2116.0,1791.0,0.4065620542082739,0.03522504892367906,-0.37517433751743373,0.2799749393061319,48.11820799999998
-73.95300667,40.768135,1200.0,1582.0,1798.0,2126.0,1842.0,2496.0,2646.0,3632.0,2811.0,2272.0,2004.0,0.2615491490100729,-0.23035230352303523,-0.33775322283609577,0.2491169074430508,42.97408790000003
-73.956465,40.79106833,388.0,501.0,658.0,514.0,869.0,2387.0,2970.0,2944.0,3129.0,1905.0,1036.0,0.7027183342972817,-0.21427098370798103,-0.634647418101055,0.7449142200847034,36.54137426
-73.94668333,40.78053667,1183.0,882.0,804.0,875.0,1862.0,1999.0,1902.0,1512.0,1996.0,2119.0,2169.0,0.2668621700879765,0.16717157807766456,-0.30569948186528495,0.17945113615846892,40.75237490000001
-73.955205,40.795475,480.0,320.0,466.0,306.0,755.0,2469.0,3387.0,3374.0,3405.0,1719.0,901.0,0.8336956521739131,-0.3249558217160809,-0.7572916666666667,0.758837984110473,35.68686925999998
-73.97388833,40.79209333,993.0,1084.0,1066.0,1038.0,1494.0,1529.0,1559.0,1244.0,1589.0,1712.0,1495.0,0.09027169149868536,0.15832205683355885,-0.07705627705627706,0.2155191293653869,42.191361320000055
-73.95322833,40.78605333,1054.0,1028.0,1118.0,1298.0,1604.0,1694.0,1833.0,1808.0,1979.0,1985.0,1713.0,0.16419832582099164,0.0466649090429739,-0.23581681476418317,0.21735199382169565,43.10055464000004
-73.97746833,40.78691833,967.0,862.0,831.0,886.0,1155.0,1365.0,1402.0,984.0,1563.0,1480.0,1246.0,0.052406417112299465,0.2012987012987013,-0.08429752066115702,0.22612892950775512,43.080046519999996
-73.93201,40.79670167,1429.0,1050.0,1294.0,1286.0,1688.0,2124.0,2287.0,2070.0,2404.0,2299.0,2063.0,0.23361144219308702,0.05241474021515221,-0.23067776456599287,0.3087512844695318,43.12448078
-73.982295,40.77552167,931.0,979.0,1128.0,1194.0,1028.0,1597.0,1916.0,2062.0,2164.0,1570.0,1095.0,0.2665847665847666,-0.1354625550660793,-0.2927899686520376,0.2768874614845367,40.53703963999999
-73.94437,40.77540667,699.0,656.0,826.0,737.0,993.0,2056.0,2574.0,1674.0,2419.0,1549.0,968.0,0.38863542098714227,-0.03878374185541421,-0.3392,0.37392872532277877,39.511633640000014
-73.97374167,40.79201333,993.0,1166.0,1264.0,1362.0,1330.0,1702.0,1873.0,1544.0,1909.0,1811.0,1547.0,0.06262904335856848,0.07958271236959762,-0.09971509971509972,0.3055555555555556,42.20503340000005
-73.94584167,40.78166,1003.0,880.0,1096.0,1154.0,1098.0,1501.0,1701.0,2620.0,1725.0,1824.0,1439.0,0.38844727080021196,-0.1791179117911791,-0.4101184068891281,0.19145157470992172,39.23477402000003
-73.97750833,40.78687833,967.0,862.0,831.0,886.0,1155.0,1365.0,1402.0,984.0,1563.0,1480.0,1246.0,0.052406417112299465,0.2012987012987013,-0.08429752066115702,0.22612892950775512,43.080046519999996
-73.98251167,40.77422333,1737.0,2316.0,2856.0,3232.0,2948.0,3365.0,3831.0,3808.0,3780.0,3935.0,3540.0,0.08181818181818182,0.016401911403848637,-0.14285714285714285,0.24990281298107575,42.017042300000014
-73.95585,40.80458667,1092.0,886.0,982.0,1050.0,1128.0,1615.0,1715.0,1404.0,1835.0,1812.0,1436.0,0.14425427872860636,0.12686567164179105,-0.1768650461022632,0.33708061171089104,43.965313700000024
-73.89406167,40.84209167,928.0,1098.0,1238.0,1328.0,1455.0,1752.0,2001.0,1522.0,2010.0,1924.0,1527.0,0.06807017543859649,0.11665699361578642,-0.10289855072463767,0.3455692283321693,41.25140582000006
-73.94356667,40.776545,709.0,1216.0,1360.0,1518.0,1403.0,1842.0,2006.0,2054.0,2195.0,2349.0,1882.0,0.15005599104143338,0.06699977288212583,-0.2032806092560047,0.2801306138522883,38.739161120000006
-73.97264167,40.79146333,1492.0,2002.0,2288.0,2728.0,2445.0,2585.0,2643.0,2578.0,2610.0,3426.0,3218.0,-0.02826988315114964,0.14123917388407728,-0.05959720509658857,0.11791998251418244,42.70748234000001
-73.980605,40.78903,950.0,916.0,1146.0,1210.0,1463.0,1703.0,1748.0,1522.0,1637.0,2043.0,1982.0,0.11420204978038068,0.1461430575035063,-0.1409295352323838,0.47045046522860445,37.659066800000005
-73.95382833,40.78774167,1121.0,2614.0,2272.0,2634.0,2013.0,2251.0,2247.0,2508.0,2282.0,2354.0,2412.0,-0.024504084014002333,-0.03167420814479638,-0.049372384937238493,0.10075808737503933,44.87450702000001
-73.96049833,40.75905833,1150.0,964.0,1202.0,1230.0,3074.0,3857.0,3871.0,3154.0,4421.0,3035.0,1955.0,0.43886861313868614,-0.019227661980933914,-0.44811753902662993,0.26240019270689413,40.10295110000004
-73.94182667,40.79043,1154.0,1292.0,1560.0,1616.0,1680.0,2099.0,2079.0,2302.0,2097.0,2193.0,1812.0,0.17508933129147525,-0.02424916573971079,-0.19212843086483689,0.2318019889297609,42.345172219999995
-73.95644,40.78324167,818.0,801.0,861.0,910.0,862.0,1101.0,1216.0,1672.0,1245.0,1271.0,1096.0,0.2951200619674671,-0.1362555215766225,-0.3201737070667193,0.39859246177193625,40.26018002000001
-73.95949,40.75906667,1005.0,1006.0,1284.0,1428.0,1295.0,1350.0,1378.0,1390.0,1291.0,1243.0,948.0,-0.0134847409510291,-0.05582985187998481,-0.039640987284966345,0.0882533429296564,39.870525740000005
-73.97020667,40.79417333,1135.0,1284.0,1488.0,1500.0,1520.0,1825.0,1910.0,2060.0,1943.0,1666.0,1491.0,0.15730337078651685,-0.10574342458400429,-0.161217587373168,0.10485578485894774,43.20993127999998
-73.89813167,40.81011333,1146.0,1078.0,1218.0,1234.0,1403.0,1586.0,1803.0,1772.0,1666.0,1896.0,1830.0,0.17897538256819695,0.03380588876772083,-0.18528428093645485,0.11398797828523184,43.438938620000044
-73.94727833,40.77857833,1153.0,1010.0,1150.0,1156.0,1611.0,2234.0,2608.0,2900.0,2643.0,2207.0,1849.0,0.42998027613412226,-0.13569610338750734,-0.43209876543209874,0.23982570737434306,41.66156822000005
-73.97653167,40.78666,1313.0,1017.0,899.0,1050.0,1233.0,1458.0,1460.0,1262.0,1530.0,1775.0,1697.0,0.09169550173010381,0.1689166941060257,-0.16797778806108282,0.1857629685725103,43.00143206000001
-73.98390167,40.78367667,981.0,753.0,929.0,887.0,990.0,1844.0,2180.0,2110.0,2179.0,1563.0,1100.0,0.40807474140807476,-0.1489245848080588,-0.38861467588022375,0.2777495703796281,38.29140050000001
-73.899475,40.80542167,1008.0,778.0,786.0,798.0,1063.0,1146.0,1337.0,897.0,1258.0,1130.0,1053.0,0.0584070796460177,0.11494819930932412,-0.0659536541889483,0.15660271887153746,36.722529320000035
-73.95653167,40.79101833,388.0,431.0,589.0,403.0,869.0,2387.0,2970.0,3088.0,3129.0,1905.0,1036.0,0.7691205958178172,-0.23693170438614058,-0.6796301332608105,0.7449142200847034,36.54137426
-73.94396667,40.77597333,1032.0,1144.0,1384.0,1468.0,2340.0,2739.0,2886.0,2302.0,2987.0,2818.0,2343.0,0.22122015915119364,0.10078125,-0.2490504612045578,0.2716827833715482,38.54433398000003
-73.98472333,40.78499833,563.0,440.0,644.0,477.0,1000.0,2575.0,3397.0,2998.0,3344.0,1655.0,903.0,0.7254676258992806,-0.28863099075865034,-0.6463481603514553,0.7738321190228371,34.316243240000006
-73.94893667,40.77330833,1166.0,1260.0,1400.0,1552.0,1813.0,1994.0,2165.0,1736.0,2090.0,2412.0,2280.0,0.05596107055961071,0.16297010607521698,-0.10714285714285714,0.144625654519607,41.70942050000002
-73.98470667,40.78573,804.0,1434.0,1562.0,1694.0,2000.0,2084.0,2260.0,1972.0,2298.0,2092.0,1733.0,0.07583196944899072,0.02952755905511811,-0.11601584606677985,0.26676228629836624,34.29573512000002
-73.96068667,40.75916167,1150.0,859.0,977.0,1052.0,1235.0,2197.0,2226.0,1480.0,2448.0,1872.0,1357.0,0.16903633491311215,0.11694510739856802,-0.20472120472120472,0.26240019270689413,40.10295110000004
-73.951185,40.79774,722.0,724.0,852.0,890.0,1020.0,1811.0,2119.0,1690.0,2130.0,1625.0,1137.0,0.31007751937984496,-0.0196078431372549,-0.3296616837136113,0.4789974514585358,41.066832739999995
-73.95443833,40.797615,360.0,418.0,636.0,507.0,1001.0,2786.0,3174.0,3774.0,3624.0,1959.0,1094.0,0.7631394533987386,-0.3165881737310309,-0.7115646258503401,0.6803216115051222,36.674677040000006
-73.97065667,40.76783,933.0,484.0,632.0,337.0,907.0,3061.0,4038.0,4484.0,4479.0,1992.0,952.0,0.8601949802945447,-0.38480543545398394,-0.7529319781078968,0.8108393528492374,37.97694266000002
-73.95697833,40.783335,818.0,689.0,619.0,668.0,834.0,885.0,916.0,722.0,859.0,1143.0,950.0,0.03884892086330935,0.2257372654155496,-0.07680835197613721,0.1772016525762403,40.51994954000003
-73.95362833,40.78617833,1316.0,1002.0,1106.0,1246.0,1517.0,1637.0,1820.0,1722.0,1870.0,2091.0,1753.0,0.16037735849056603,0.0967741935483871,-0.21782178217821782,0.15418752759629717,43.31930792000003
-73.93213833,40.79653667,1429.0,1886.0,1814.0,2002.0,1688.0,2124.0,2287.0,2774.0,2404.0,2299.0,2063.0,0.16164154103852596,-0.09363295880149813,-0.2092414995640802,0.3087512844695318,43.12448078
-73.95492333,40.79676667,980.0,403.0,535.0,436.0,827.0,2546.0,3141.0,3032.0,3368.0,1821.0,1004.0,0.748558246828143,-0.24953636925613024,-0.7000280347631063,0.6369971727592878,37.443731540000044
-73.887255,40.82287167,1222.0,1282.0,1644.0,1658.0,2144.0,2319.0,2323.0,2524.0,2557.0,2932.0,2595.0,0.20707795313247251,0.0747800586510264,-0.21113243761996162,0.10927152317880787,44.70702404000002
-73.95680833,40.79073667,354.0,352.0,618.0,409.0,900.0,2674.0,3205.0,3868.0,3334.0,1784.0,931.0,0.8087444470423194,-0.36871903750884644,-0.72447614801605,0.7756484758835649,36.45592376000002
-73.92461167,40.84343167,1203.0,867.0,979.0,1060.0,1429.0,2108.0,2352.0,2612.0,2485.0,2044.0,1609.0,0.4226579520697168,-0.12199312714776632,-0.4547479810637705,0.5616712427899453,42.423786680000035
-73.902365,40.80613167,1092.0,1230.0,1318.0,1346.0,1333.0,1536.0,1671.0,1610.0,1544.0,1673.0,1571.0,0.08930987821380243,0.019189765458422176,-0.09972677595628415,0.12779590680158315,49.09917974000001
-73.89948167,40.81362667,1062.0,1264.0,1322.0,1544.0,1534.0,1603.0,1712.0,1964.0,1706.0,1862.0,1696.0,0.11972633979475485,-0.026659696811291166,-0.19537431527693244,0.14797075463201767,46.81252436
-73.9465,40.78071167,1105.0,972.0,998.0,964.0,1088.0,1708.0,1909.0,1334.0,1904.0,1999.0,1568.0,0.16100957354221063,0.1995199519951995,-0.14408233276157806,0.26369556369556374,40.87200560000002
-73.947145,40.805955,1213.0,1216.0,1388.0,1444.0,2022.0,2072.0,2210.0,1562.0,2168.0,2408.0,2201.0,0.039254823685961414,0.21309823677581863,-0.05898305084745763,0.09647503434215342,44.48485274000001
-73.95983667,40.80953,884.0,1042.0,1156.0,1210.0,1278.0,1459.0,1591.0,1578.0,1684.0,1766.0,1439.0,0.13199426111908177,0.056220095693779906,-0.15435259692757863,0.17820812297490782,45.195800899999995
-73.95479667,40.79690667,342.0,339.0,466.0,331.0,645.0,2522.0,3220.0,2778.0,3500.0,1608.0,749.0,0.7870697973624959,-0.2667578659370725,-0.7127003699136868,0.5854399811520792,36.96179072000001
-73.945695,40.78186167,1041.0,844.0,816.0,916.0,999.0,1102.0,1100.0,1018.0,1260.0,1422.0,1342.0,0.052740434332988625,0.16557377049180327,-0.11014176663031625,0.13583886963680566,39.89445188000002
-73.971625,40.791,1057.0,1822.0,1882.0,1948.0,1811.0,1945.0,2215.0,2548.0,2143.0,1852.0,1596.0,0.13345195729537365,-0.15818181818181817,-0.15033860045146727,0.3290845017620155,43.080046519999996
-73.97831833,40.7908,1464.0,1142.0,1278.0,1422.0,2885.0,2926.0,3161.0,2126.0,3052.0,3024.0,2916.0,0.1984216459977452,0.17436893203883494,-0.2491186839012926,0.1619232351134107,40.755792919999976
-73.97892167,40.79080333,1464.0,3078.0,3382.0,3680.0,3217.0,3316.0,3344.0,3776.0,3445.0,3684.0,3572.0,0.012875536480686695,-0.012332439678284183,-0.05504330818664432,0.11992864868189716,39.06387302000002
-73.88750833,40.8226,945.0,876.0,1072.0,1074.0,1222.0,2264.0,2604.0,2514.0,2827.0,1946.0,1447.0,0.4013377926421405,-0.1273542600896861,-0.40211935303959845,0.12993574841515615,44.8881791
-73.983185,40.78434667,935.0,1174.0,1356.0,1206.0,1113.0,1560.0,1471.0,1754.0,1741.0,1375.0,1034.0,0.18513513513513513,-0.12112496005113454,-0.12797427652733118,0.3134601107875048,39.06045500000005
-73.97217667,40.7966,1097.0,1310.0,1436.0,1602.0,1478.0,1795.0,1971.0,2036.0,1819.0,1824.0,1599.0,0.11929631665750412,-0.054922279792746116,-0.1728110599078341,0.25146404163270436,41.30609414000003
-73.94266,40.78591667,1099.0,630.0,700.0,854.0,1191.0,1385.0,1554.0,1044.0,1318.0,1784.0,1501.0,0.10010537407797682,0.26166902404526166,-0.19724770642201836,0.11009129522042668,44.720696120000014
-73.94932167,40.77342667,1166.0,1048.0,1036.0,1170.0,1666.0,1804.0,1913.0,1560.0,1940.0,2298.0,2248.0,0.14285714285714285,0.19129082426127528,-0.20184899845916796,0.10968313760248175,41.80854308000005
-73.98251167,40.77396333,1737.0,1698.0,1882.0,2090.0,2633.0,2774.0,3030.0,2574.0,3114.0,3479.0,2918.0,0.10377358490566038,0.14951263836114323,-0.15529622980251345,0.12041019867468629,43.309053860000006
-73.94351667,40.77660833,709.0,1266.0,1442.0,1576.0,1688.0,2162.0,2323.0,2548.0,2505.0,2545.0,2051.0,0.23569350145489815,-0.0005890437855880621,-0.2771929824561403,0.2801306138522883,38.739161120000006
-73.95702833,40.79038833,432.0,307.0,539.0,336.0,976.0,2545.0,3095.0,3510.0,3462.0,1928.0,1043.0,0.8252730109204368,-0.2909157778595072,-0.733761422573475,0.7597159122009963,36.41832554000001
-73.96737333,40.806175,972.0,448.0,579.0,434.0,860.0,1704.0,2105.0,3016.0,2256.0,1444.0,992.0,0.7484057971014493,-0.3524663677130045,-0.6778859527121002,0.7247440504440978,40.42082696
-73.95818167,40.78188,814.0,1106.0,1180.0,1294.0,1229.0,1567.0,1611.0,1592.0,1722.0,1566.0,1392.0,0.10325710325710326,-0.008233058898036731,-0.14862914862914864,0.2735086462703367,41.7436007
-73.94980333,40.816245,752.0,1388.0,1636.0,1644.0,1874.0,2471.0,2793.0,2468.0,2838.0,2379.0,1997.0,0.20038910505836577,-0.018361873323705386,-0.20272904483430798,0.33646309158163423,38.27089238000002
-73.91806833,40.83678667,1457.0,1012.0,1088.0,1102.0,1525.0,1670.0,1816.0,1652.0,1822.0,2060.0,1909.0,0.19970951343500362,0.10991379310344827,-0.20583941605839415,0.17162489314635848,44.21824718000005
-73.95192833,40.77375833,1022.0,1052.0,1104.0,1230.0,1410.0,1520.0,1565.0,1968.0,1596.0,1609.0,1469.0,0.23076923076923078,-0.10036343304445065,-0.28125,0.16219854529516753,42.61177778000001
-73.95868167,40.79000333,360.0,507.0,656.0,537.0,913.0,2457.0,3058.0,2730.0,3144.0,1802.0,950.0,0.6712580348943985,-0.20476610767872905,-0.6125221500295334,0.7720299842983188,36.00474512000005
-73.96004167,40.773365,829.0,926.0,1028.0,1146.0,1202.0,1092.0,1119.0,1158.0,1131.0,1434.0,1363.0,0.005208333333333333,0.10648148148148148,-0.059469350411710885,0.06768313919739949,44.307115700000054
-73.89871333,40.806685,1056.0,1198.0,1262.0,1250.0,1497.0,1946.0,2234.0,2116.0,2203.0,2332.0,1869.0,0.25727866904337493,0.048561151079136694,-0.2528123149792777,0.2839839542978444,43.68161803999999
-73.92465667,40.843095,1163.0,786.0,826.0,974.0,1342.0,1474.0,1500.0,1190.0,1765.0,1921.0,1704.0,0.09981515711645102,0.23497267759562843,-0.18055555555555555,0.2638282574084535,42.28364786000003
-73.98121,40.76888333,658.0,1006.0,1072.0,1140.0,1321.0,1662.0,1782.0,1444.0,1837.0,1839.0,1468.0,0.11764705882352941,0.12031678342978983,-0.1478537360890302,0.647669157418461,38.88955400000003
-73.954495,40.78656667,1214.0,826.0,675.0,940.0,1717.0,1859.0,2018.0,1610.0,1989.0,1867.0,1368.0,0.2627450980392157,0.07391429393155019,-0.40919037199124725,0.1984278341706825,43.83884696000001
-73.95993833,40.77355667,1014.0,865.0,1078.0,1142.0,1380.0,1480.0,1507.0,1420.0,1536.0,1719.0,1433.0,0.10850897736143637,0.0952532653711373,-0.13690952762209768,0.06768313919739949,44.307115700000054
-73.97859167,40.790915,1464.0,1046.0,1388.0,1544.0,2517.0,2707.0,2773.0,2192.0,2771.0,2751.0,2488.0,0.1734475374732334,0.11308921707465103,-0.2245810055865922,0.12590645564192904,40.02775466000003
-73.95254167,40.76849333,1252.0,1200.0,1362.0,1310.0,2022.0,1825.0,1818.0,1578.0,1710.0,2005.0,1719.0,0.09279778393351801,0.11917387663968741,-0.07346938775510205,0.08045344769795361,46.00587164000001
-73.97175333,40.79723333,976.0,1172.0,1418.0,1464.0,1128.0,1369.0,1376.0,1814.0,1314.0,1368.0,1163.0,0.10677242220866381,-0.14016341923318668,-0.12252475247524752,0.14849767972375436,41.56586365999999
-73.96372167,40.79215333,465.0,296.0,428.0,252.0,672.0,2635.0,3372.0,3002.0,3666.0,1720.0,781.0,0.8451137062077443,-0.27149512918254975,-0.7504373177842566,0.8086543753439736,37.758189379999976
-73.95286,40.78659167,952.0,662.0,766.0,828.0,1440.0,1633.0,1795.0,1472.0,1911.0,1768.0,1643.0,0.28,0.09135802469135802,-0.3154602323503128,0.1501954789970311,42.5810156
-73.961075,40.75933833,911.0,732.0,892.0,929.0,979.0,1446.0,1678.0,2512.0,1417.0,1228.0,940.0,0.4600406858471375,-0.3433155080213904,-0.47591069330199764,0.27671637524417547,40.81389926000003
-73.97226167,40.79645333,884.0,1110.0,1290.0,1426.0,1439.0,1777.0,1969.0,1978.0,2292.0,2026.0,1711.0,0.16216216216216217,0.011988011988011988,-0.21052631578947367,0.25146404163270436,41.30609414000003
-73.96766833,40.80002167,1219.0,2590.0,2800.0,2836.0,2351.0,2196.0,2570.0,3040.0,2319.0,2644.0,2513.0,0.03471749489448604,-0.06966924700914849,-0.0410958904109589,0.1784965047924744,43.295381780000014
-73.949095,40.79414667,1275.0,996.0,1078.0,1042.0,1941.0,2427.0,2495.0,2382.0,2401.0,2333.0,1911.0,0.39135514018691586,-0.010392364793213149,-0.376878612716763,0.3208603417796111,43.66110992000006
-73.96059167,40.797535,938.0,888.0,1168.0,1090.0,1228.0,1797.0,1984.0,2250.0,2034.0,1626.0,1187.0,0.3473053892215569,-0.1609907120743034,-0.3165593914569924,0.298981689666316,39.689370680000025
-73.93322,40.795155,1413.0,1242.0,1422.0,1670.0,1470.0,1466.0,1505.0,1784.0,1587.0,2017.0,1912.0,0.033005211349160395,0.06129965798474086,-0.11291328758577666,0.18272942397345904,43.86619112000005
-73.94806167,40.78681,898.0,1084.0,1198.0,1266.0,1394.0,1529.0,1710.0,1406.0,1641.0,1770.0,1469.0,0.05239520958083832,0.11460957178841309,-0.07987711213517665,0.21663671744489502,43.49362694000001
-73.899135,40.81350667,1062.0,1044.0,1158.0,1224.0,1448.0,1425.0,1548.0,1272.0,1470.0,1768.0,1649.0,0.019230769230769232,0.1631578947368421,-0.04691358024691358,0.08911377739548693,48.06693770000004
-73.90962667,40.84315667,1047.0,1744.0,1938.0,2118.0,1989.0,1886.0,2396.0,2562.0,2172.0,2314.0,2182.0,0.09487179487179487,-0.05086136177194422,-0.13866666666666666,0.12508171514331226,41.917919719999986
-73.95757833,40.76121,690.0,558.0,752.0,680.0,937.0,1771.0,1983.0,1952.0,2152.0,1564.0,1194.0,0.48328267477203646,-0.11035267349260523,-0.4437869822485207,0.35680123727631113,40.70794064000006
-73.91770833,40.83735333,1466.0,2150.0,2396.0,2480.0,1989.0,2320.0,2577.0,2998.0,2780.0,3038.0,2897.0,0.0945600584154801,0.0066269052352551355,-0.11160548757879125,0.11841297291878135,43.60983962
-73.98724667,40.77075833,906.0,1312.0,1422.0,1550.0,1390.0,1631.0,1819.0,1794.0,1918.0,1879.0,1638.0,0.0729665071770335,0.02314184590253199,-0.11567164179104478,0.20779264251364057,43.11764474000006
-73.87953667,40.80615167,1072.0,796.0,1014.0,990.0,1332.0,1580.0,1618.0,2070.0,1606.0,1776.0,1612.0,0.35294117647058826,-0.07644305772230889,-0.3424124513618677,0.15794538471278446,43.66794596
-73.97206,40.765805,716.0,524.0,703.0,460.0,758.0,2449.0,3244.0,3704.0,3294.0,1640.0,836.0,0.7790585975024016,-0.38622754491017963,-0.6809621057408668,0.645711518673204,38.82802964000001
-73.9024,40.83370667,1296.0,1206.0,1414.0,1486.0,2041.0,2139.0,2537.0,2384.0,2574.0,2615.0,2063.0,0.23204134366925064,0.04620924184836967,-0.2553975776724592,0.08850213114923557,44.91210524000002
-73.95461833,40.79562833,555.0,407.0,458.0,389.0,737.0,2228.0,2757.0,2380.0,2930.0,1660.0,856.0,0.7190321415673528,-0.1782178217821782,-0.6772374911909795,0.7854530552913795,37.04382320000002
-73.90329667,40.811215,1555.0,1066.0,1246.0,1246.0,2071.0,2073.0,2331.0,1468.0,2092.0,2299.0,2247.0,0.08179808400884303,0.22059994690735332,-0.08179808400884303,0.07884408280483426,47.438022020000005
-73.93413833,40.79555833,1359.0,1484.0,1638.0,1796.0,1679.0,1937.0,2021.0,2500.0,2064.0,2343.0,2027.0,0.16387337057728119,-0.03241792277513938,-0.208313194780087,0.23533900460673204,44.08836242000001
-73.90040833,40.81547667,1276.0,1148.0,1358.0,1408.0,1975.0,2456.0,2773.0,2342.0,2782.0,2383.0,2096.0,0.24906666666666666,0.008677248677248678,-0.26594594594594595,0.17847450776603727,42.816858980000006
-73.95488,40.80417,1051.0,699.0,765.0,799.0,1274.0,1504.0,1697.0,1644.0,1665.0,1696.0,1478.0,0.34588620548505933,0.015568862275449102,-0.36488169364881695,0.2523105436235557,45.46924250000001
-73.92372,40.84413333,1162.0,1134.0,1360.0,1388.0,1522.0,1963.0,1993.0,1880.0,2163.0,2059.0,1659.0,0.15055079559363524,0.045443005839045446,-0.16049382716049382,0.28051903425593366,42.76558868000001
-73.895605,40.80892667,1930.0,968.0,1138.0,1184.0,1901.0,2207.0,2229.0,1748.0,2350.0,2518.0,1847.0,0.19236016371077763,0.18049695264885138,-0.21136521136521136,0.17604164840750938,46.53908276000004
-73.95195833,40.7693,1378.0,1244.0,1488.0,1610.0,1684.0,1904.0,2045.0,2230.0,2028.0,2151.0,1787.0,0.16145833333333334,-0.0180324126911664,-0.19956966110812266,0.13026252775479988,44.290025600000035
-73.92564667,40.84142667,1415.0,1042.0,1118.0,912.0,1466.0,2278.0,2437.0,2144.0,2503.0,2383.0,2203.0,0.4031413612565445,0.052794345040865914,-0.31453096259963215,0.16456748701553456,43.13131682000005
-73.942635,40.79075333,1484.0,1460.0,1626.0,1760.0,2500.0,2651.0,2749.0,1924.0,2545.0,3275.0,2779.0,0.04451682953311618,0.25985766493556456,-0.08394366197183098,0.08882456006703743,43.620093680000025
-73.92131667,40.83194167,1440.0,3860.0,3676.0,3938.0,3119.0,3291.0,3386.0,3914.0,3350.0,3746.0,3571.0,-0.003056546102903719,-0.02193211488250653,-0.03135704874835309,0.06626458388745511,43.329561979999994
-73.98715333,40.77091833,853.0,1100.0,1122.0,1210.0,1377.0,1632.0,1734.0,1558.0,1684.0,1800.0,1577.0,0.12572254335260116,0.07206670637284097,-0.1626865671641791,0.1630243109904696,43.671363980000024
-73.89874,40.81051333,902.0,1120.0,1182.0,1180.0,1307.0,1357.0,1447.0,1270.0,1415.0,1627.0,1497.0,0.036734693877551024,0.12323092854677252,-0.03588907014681892,0.06976402504224036,43.90378934
-73.897585,40.81975,1068.0,826.0,982.0,934.0,1503.0,1969.0,2155.0,2148.0,2290.0,2053.0,1638.0,0.39390006489292667,-0.022613663413472984,-0.37252396166134183,0.6224640868234727,43.40134039999998
-73.90627,40.843665,1354.0,871.0,1076.0,1138.0,1503.0,1962.0,2068.0,2008.0,2242.0,2420.0,2353.0,0.2765416401780038,0.0930442637759711,-0.3022049286640726,0.1524593868481181,42.885219380000024
-73.970495,40.767875,933.0,534.0,622.0,458.0,796.0,2336.0,2789.0,3956.0,2784.0,1729.0,951.0,0.7924784775713638,-0.3917326297273527,-0.728265618173875,0.6569179423192022,38.968168460000015
-73.941085,40.79014833,1152.0,1190.0,1312.0,1432.0,1737.0,2145.0,2142.0,2094.0,2276.0,2265.0,2080.0,0.18774815655133295,0.03922918100481762,-0.22959483264826777,0.2892265549666189,42.081984680000005
-73.97013333,40.79409667,1135.0,1430.0,1532.0,1748.0,1712.0,1582.0,1809.0,1844.0,1749.0,1983.0,1707.0,0.026726057906458798,0.03632087797230207,-0.0924170616113744,0.10485578485894774,43.20993127999998
-73.88117167,40.80541333,916.0,1046.0,1080.0,1158.0,1423.0,1505.0,1522.0,1298.0,1512.0,1776.0,1607.0,0.057003257328990226,0.15549772283669486,-0.09167367535744322,0.10571120620107015,43.24752950000004
-73.91002833,40.84028333,994.0,1180.0,1226.0,1556.0,1746.0,2157.0,2214.0,1852.0,2292.0,2187.0,1859.0,0.08685446009389672,0.08294132210943303,-0.20337881741390512,0.19171259271536903,43.89695330000001
-73.88944167,40.80749333,931.0,964.0,1188.0,1236.0,1259.0,1384.0,1385.0,1306.0,1359.0,1615.0,1473.0,0.02753737214791503,0.10578568983224923,-0.04731355252606255,0.11297209747478464,56.53679126000003
-73.95901667,40.75951,805.0,749.0,955.0,1026.0,944.0,1392.0,1217.0,1230.0,1319.0,1336.0,1040.0,0.09042553191489362,0.041309431021044424,-0.12585812356979406,0.2904976403055515,38.70839894000005
-73.90356167,40.817495,1530.0,1336.0,1344.0,1520.0,1766.0,1687.0,1813.0,1612.0,1869.0,2131.0,2035.0,0.02937420178799489,0.1386588298156559,-0.09066305818673884,0.22471475813494043,43.914043400000025
-73.96688667,40.807605,711.0,1170.0,1338.0,1420.0,1302.0,2103.0,2216.0,2248.0,2492.0,1734.0,1207.0,0.2257360959651036,-0.12908086388749374,-0.25376464026770773,0.3667612610288426,38.380269020000014
-73.97541167,40.786255,1280.0,963.0,1118.0,1118.0,1558.0,2051.0,2557.0,2762.0,2632.0,2250.0,1799.0,0.42371134020618556,-0.10215482841181166,-0.42371134020618556,0.4402288808712411,44.1533048
-73.912915,40.835245,990.0,1086.0,1092.0,1220.0,1320.0,1553.0,1583.0,1350.0,1654.0,1657.0,1579.0,0.05058365758754864,0.10209511140671766,-0.10565110565110565,0.18577635156958147,45.602545280000015
-73.89614833,40.81892,670.0,1013.0,1204.0,1302.0,1333.0,2087.0,2624.0,2116.0,2628.0,1840.0,1345.0,0.23815096547688708,-0.06976744186046512,-0.2746987951807229,0.3685119646741778,43.56540536
-73.95433333,40.78149167,1176.0,1172.0,1288.0,1532.0,2037.0,2275.0,2542.0,2340.0,2480.0,2802.0,2437.0,0.20867768595041322,0.08984830805134189,-0.28996692392502754,0.1585732328731328,42.95357978000004
-73.92512667,40.84229167,1214.0,939.0,934.0,1096.0,1493.0,1644.0,1777.0,1720.0,1862.0,1849.0,1646.0,0.2215909090909091,0.03614457831325301,-0.2961567445365486,0.20157547291924766,43.34665208000001
-73.90222167,40.80517667,949.0,1162.0,1216.0,1310.0,1378.0,1584.0,1618.0,1544.0,1590.0,1837.0,1674.0,0.08199018920812894,0.08666075125702455,-0.11884057971014493,0.09076553321822432,46.72707386000002
-73.917745,40.83730333,1466.0,1498.0,1782.0,1720.0,1557.0,1963.0,2037.0,2202.0,2367.0,2602.0,2295.0,0.12289648138704742,0.08326394671107411,-0.10542168674698796,0.11841297291878135,43.60983962
-73.95701833,40.76218833,820.0,543.0,719.0,636.0,1424.0,1838.0,2199.0,1896.0,2360.0,1573.0,1177.0,0.4976303317535545,-0.09311040645719228,-0.45009560229445505,0.5768635165111121,40.766046980000056
-73.91789333,40.83208833,1467.0,353.0,844.0,702.0,2039.0,2686.0,2683.0,2298.0,2768.0,2739.0,2210.0,0.532,0.08755211435378202,-0.4627625716104392,0.31919599065437226,46.18702670000005
-73.956985,40.76223,820.0,624.0,781.0,753.0,1424.0,1838.0,2199.0,1832.0,2360.0,1573.0,1177.0,0.41740812379110254,-0.07606461086637298,-0.40221967087638727,0.384930905568421,41.26507790000005
-73.96148333,40.75945667,911.0,704.0,844.0,919.0,952.0,1145.0,994.0,1208.0,1142.0,1138.0,962.0,0.13587212035731078,-0.029838022165387893,-0.17738791423001948,0.1809585712738135,41.507757319999996
-73.90956,40.84112667,1039.0,868.0,1044.0,1136.0,1561.0,1659.0,1852.0,1682.0,1743.0,2017.0,1858.0,0.1937544357700497,0.09056501757231684,-0.23404255319148937,0.11701769423865796,40.40031884000001
-73.94763167,40.7854,808.0,676.0,857.0,775.0,1249.0,2012.0,2075.0,2540.0,2192.0,1863.0,1464.0,0.5324283559577677,-0.15375880081762436,-0.4954371504268472,0.480465181356532,42.39644252000005
-73.97201333,40.765855,716.0,518.0,631.0,402.0,758.0,2449.0,3244.0,4240.0,3294.0,1640.0,836.0,0.8267987936234382,-0.4421768707482993,-0.7409156230753439,0.645711518673204,38.82802964000001
-73.95799667,40.76086,690.0,383.0,341.0,296.0,742.0,576.0,618.0,394.0,763.0,839.0,730.0,0.14202898550724638,0.3609083536090835,-0.07210884353741497,0.2934746085437156,41.83930526000006
-73.96383333,40.76041333,777.0,795.0,984.0,1042.0,1279.0,1598.0,1735.0,1688.0,1755.0,1749.0,1477.0,0.23663003663003662,0.01774803607797498,-0.2634730538922156,0.15233396057891585,43.592749519999984
-73.88087333,40.80545833,1434.0,1176.0,1362.0,1422.0,1502.0,1615.0,1728.0,1674.0,1628.0,1962.0,1792.0,0.08139534883720931,0.07920792079207921,-0.10276679841897234,0.11896892296258639,42.74166253999999
-73.98283833,40.782095,1010.0,500.0,615.0,550.0,1419.0,1899.0,1800.0,1382.0,1905.0,1730.0,1415.0,0.4306418219461698,0.11182519280205655,-0.38407611417125687,0.2447300152902571,41.904247639999994
-73.94646,40.785155,811.0,1318.0,1470.0,1688.0,1529.0,2609.0,2892.0,2446.0,3155.0,2075.0,1483.0,0.1833575229801645,-0.08206149082061491,-0.24923391215526047,0.24266584100936595,42.70748234000001
-73.90953333,40.84341,1047.0,1198.0,1318.0,1470.0,1896.0,2048.0,2344.0,1838.0,2242.0,2533.0,2480.0,0.11124546553808948,0.15900251658659345,-0.16476552598225602,0.12508171514331226,41.917919719999986
-73.969145,40.793605,987.0,938.0,1040.0,1172.0,1434.0,1522.0,1649.0,1574.0,1674.0,2049.0,1894.0,0.14639475600874,0.13110681755451284,-0.20428462127008415,0.13915872611071198,43.18942316000005
-73.94900333,40.79004833,1503.0,955.0,1068.0,1200.0,2525.0,2675.0,2886.0,1874.0,2745.0,3054.0,2920.0,0.2192582953806116,0.23944805194805194,-0.27396329027872196,0.19426005810370625,42.36226232000001
-73.95807667,40.80547333,1198.0,1160.0,1290.0,1312.0,1346.0,1623.0,1934.0,1764.0,1907.0,1759.0,1427.0,0.1469440832249675,-0.001419244961680386,-0.15520628683693516,0.37963882733501436,40.54729370000001
-73.98504833,40.780215,1038.0,947.0,878.0,1002.0,1137.0,1335.0,1538.0,1394.0,1557.0,1546.0,1361.0,0.1636060100166945,0.05170068027210884,-0.22711267605633803,0.1410240970450737,40.325122400000055
-73.89324667,40.84277667,1297.0,2064.0,2452.0,2520.0,1929.0,2458.0,2128.0,2410.0,2348.0,2448.0,2154.0,-0.02231237322515213,0.007822149032523672,0.008638420403126285,0.11149567367119909,43.18942316000005
-73.95255667,40.786845,1339.0,1974.0,2360.0,2256.0,2443.0,2499.0,2463.0,2834.0,2426.0,3115.0,3148.0,0.11355599214145383,0.047234829383089594,-0.09125914516750096,0.23257220736249085,42.457966880000015
-73.95508,40.79237667,458.0,472.0,691.0,596.0,917.0,2526.0,2933.0,3110.0,3200.0,1829.0,1049.0,0.67835941716136,-0.2593642437740433,-0.6364114706656143,0.6780755711775044,38.7015629
-73.92208333,40.841025,1493.0,1428.0,1566.0,1944.0,2334.0,2429.0,2759.0,2090.0,2441.0,2712.0,2283.0,0.03619236489836391,0.12952936276551436,-0.14332603938730853,0.09824636137735177,44.26268144000005
-73.892235,40.842125,1274.0,1562.0,1628.0,1844.0,2209.0,2582.0,2493.0,2078.0,2689.0,3010.0,2816.0,0.05966343702192759,0.1831761006289308,-0.12142471667566108,0.3495619970087601,43.162079000000006
-73.88972167,40.80855,1279.0,1288.0,1346.0,1424.0,1478.0,1477.0,1541.0,1450.0,1586.0,1793.0,1823.0,0.009046624913013222,0.10576626580326857,-0.03719599427753934,0.09435303947450308,50.53816616000006
-73.958945,40.75958833,805.0,849.0,941.0,1062.0,1106.0,1680.0,1757.0,1472.0,1737.0,1512.0,1254.0,0.16179952644041043,0.013404825737265416,-0.22005801906340655,0.19971266636144053,39.40225700000002
-73.96860667,40.76490833,872.0,1140.0,1386.0,1642.0,1613.0,1840.0,1997.0,1860.0,1948.0,1958.0,1708.0,0.06225014277555682,0.02566788894709272,-0.14602587800369685,0.18836190689119026,42.82369502000006
-73.95697833,40.81226,1421.0,1382.0,1614.0,1766.0,1507.0,1854.0,1836.0,2144.0,1985.0,2010.0,1804.0,0.09667519181585678,-0.03225806451612903,-0.1410324640766365,0.15630240234409476,40.90276777999998
-73.971345,40.76693167,893.0,753.0,904.0,618.0,1159.0,3301.0,4092.0,4184.0,4036.0,2375.0,1170.0,0.7426072469804248,-0.2758042384509834,-0.6446540880503144,0.7847105820848133,38.496481700000004
-73.88797,40.82323333,1341.0,2020.0,2250.0,2320.0,2235.0,2432.0,2677.0,2662.0,2768.0,2998.0,2506.0,0.06864712966680048,0.059363957597173146,-0.08387622149837133,0.1573785409750425,42.09565676
-73.97463167,40.79340167,938.0,974.0,1246.0,1394.0,1112.0,1245.0,1565.0,1922.0,1527.0,1579.0,1259.0,0.15922798552472858,-0.09797200799771494,-0.21338383838383837,0.18242823779820852,41.473577120000016
-73.946495,40.785135,811.0,821.0,1090.0,1001.0,1529.0,2609.0,2892.0,3560.0,3155.0,2075.0,1483.0,0.5610611707958781,-0.26353149955634425,-0.5311827956989247,0.24266584100936595,42.70748234000001
-73.95584,40.79158,478.0,527.0,804.0,637.0,953.0,2761.0,3246.0,3316.0,3499.0,1895.0,1023.0,0.6777131292689097,-0.27269238150067165,-0.6097087378640776,0.7160157432636997,37.93934444000001
-73.91757833,40.84419667,991.0,1068.0,1094.0,1112.0,1436.0,1288.0,1215.0,1198.0,1511.0,1674.0,1595.0,0.03722943722943723,0.16573816155988857,-0.04537521815008726,0.15558257345491386,44.700188000000026
-73.90011833,40.81484833,1414.0,2060.0,2186.0,2384.0,1904.0,2042.0,2066.0,2352.0,2007.0,2276.0,2051.0,-0.006756756756756757,-0.016421780466724288,-0.036579991185544294,0.12392434005404283,43.43552060000002
-73.97195667,40.76595333,716.0,422.0,580.0,376.0,802.0,2956.0,3811.0,4336.0,4082.0,1797.0,835.0,0.8404074702886248,-0.4139898907549323,-0.7640358014646054,0.7833101762218226,38.61611240000002
-73.97126833,40.767035,893.0,799.0,921.0,661.0,1056.0,3311.0,4063.0,4516.0,4194.0,2245.0,1102.0,0.7446397527525594,-0.3358970566484248,-0.6612102262276991,0.7785347294484912,38.458883480000054
-73.93475833,40.7991,923.0,1144.0,1248.0,1290.0,1530.0,1904.0,1993.0,1854.0,2195.0,2499.0,2034.0,0.17938931297709923,0.1481736733287388,-0.195357833655706,0.3388347671140842,44.751458300000024
-73.96877667,40.76495667,899.0,752.0,855.0,893.0,1045.0,1097.0,1255.0,1562.0,1182.0,1464.0,1266.0,0.2725050916496945,-0.03238598810310641,-0.2925113777410012,0.18836190689119026,42.82369502000006
-73.94826333,40.79514333,911.0,619.0,755.0,850.0,1113.0,1339.0,1430.0,1088.0,1634.0,1892.0,1654.0,0.12280701754385964,0.2697986577181208,-0.1806836679327184,0.16332808526099074,44.847162860000026
-73.971365,40.79778667,1192.0,933.0,1110.0,1226.0,1434.0,1646.0,1772.0,1526.0,1840.0,1905.0,1741.0,0.10901162790697674,0.11046342174293208,-0.15781487101669195,0.1893612825064097,41.79487100000006
-73.95539167,40.79191833,414.0,374.0,530.0,319.0,883.0,2168.0,2686.0,2624.0,2979.0,1818.0,1083.0,0.783214407067618,-0.1814497973885637,-0.6639188332276474,0.615588490655131,38.19569594000001
-73.95947,40.7742,1063.0,634.0,612.0,624.0,890.0,939.0,1164.0,788.0,1056.0,1429.0,1130.0,0.11614730878186968,0.28912945421741093,-0.12571428571428572,0.1439842584054981,42.164017160000014
-73.96063833,40.772585,1041.0,881.0,924.0,1158.0,1472.0,1267.0,1332.0,1238.0,1461.0,1734.0,1671.0,0.0333889816360601,0.16689098250336473,-0.1452358926919519,0.12485486647715884,43.736306360000015
-73.903525,40.80943333,1244.0,1194.0,1312.0,1448.0,1488.0,1494.0,1539.0,1484.0,1560.0,1918.0,1869.0,0.01227830832196453,0.12757201646090535,-0.06151645207439199,0.09789689376408107,47.48587429999998
-73.971035,40.76733,893.0,861.0,954.0,681.0,1058.0,3089.0,3682.0,4720.0,3779.0,2180.0,1249.0,0.7478244769487132,-0.3681159420289855,-0.6637292915051111,0.7001293881567223,38.16151574000003
-73.90302833,40.80945167,1148.0,1644.0,1794.0,2138.0,2168.0,2128.0,2044.0,2286.0,2144.0,2192.0,2005.0,0.03345388788426763,-0.020991514068780706,-0.12058823529411765,0.026545599749995704,46.37501780000002
-73.957995,40.78214667,814.0,1021.0,1138.0,1296.0,1143.0,1280.0,1591.0,1544.0,1497.0,1557.0,1380.0,0.08732394366197183,0.00419219606578523,-0.15137956748695003,0.22671450010211958,41.25482384000003
-73.949355,40.79019833,1118.0,988.0,1056.0,1036.0,1422.0,1524.0,1583.0,1906.0,1654.0,1853.0,1840.0,0.2957171991842284,-0.01409949454642192,-0.28696826468602293,0.2160317278724784,42.13667300000003
-73.95730833,40.81173833,1303.0,1124.0,1200.0,1316.0,1509.0,1742.0,1871.0,1596.0,2101.0,1911.0,1418.0,0.09615384615384616,0.08982035928143713,-0.14163090128755365,0.31548757170172076,41.323184240000046
-73.95949333,40.77413167,1063.0,794.0,821.0,952.0,890.0,939.0,1164.0,1086.0,1056.0,1429.0,1130.0,0.06575073601570167,0.1363817097415507,-0.13896171997902465,0.0539472463588855,43.12448078
-73.97253333,40.79134,1417.0,2954.0,3134.0,3056.0,2457.0,2639.0,2636.0,3396.0,2819.0,3264.0,2953.0,0.05269683818970862,-0.01981981981981982,-0.04012251148545176,0.11791998251418244,42.70748234000001
-73.970795,40.76757167,933.0,603.0,802.0,651.0,946.0,3220.0,4248.0,4900.0,4549.0,2320.0,1059.0,0.7654476670870114,-0.3573407202216066,-0.7186951946685374,0.7576261744717199,38.411031200000025
-73.964165,40.80805833,1198.0,1168.0,1428.0,1566.0,1992.0,2027.0,2161.0,1746.0,2150.0,2331.0,2051.0,0.05434782608695652,0.1434878587196468,-0.1001890359168242,0.143838307636695,42.44771281999999
-73.952775,40.774125,1127.0,1974.0,1920.0,1932.0,1814.0,1990.0,2057.0,2486.0,2131.0,2631.0,2167.0,0.12539610683567226,0.028336916161813563,-0.12846118928733546,0.1753659124297517,44.53270501999998
-73.96780333,40.800805,1177.0,507.0,733.0,871.0,1019.0,2131.0,2486.0,2254.0,2614.0,1698.0,1246.0,0.44256,-0.14068825910931174,-0.5092065617676599,0.5545089151335941,43.08346454000002
-73.94580833,40.77790333,976.0,1118.0,1254.0,1138.0,1333.0,2806.0,3512.0,3068.0,3649.0,2137.0,1482.0,0.45886828340466,-0.17886647454370797,-0.4197130957889866,0.40016738736225416,43.13473484000002
-73.960155,40.77318667,829.0,504.0,567.0,666.0,1031.0,901.0,966.0,532.0,1105.0,1217.0,1112.0,-0.11185308848080133,0.39165237278444825,0.03184713375796178,0.11923666441127316,44.10887054
-73.95950833,40.77407667,1063.0,794.0,821.0,952.0,890.0,939.0,1164.0,1086.0,1056.0,1429.0,1130.0,0.06575073601570167,0.1363817097415507,-0.13896171997902465,0.0539472463588855,43.12448078
-73.90968333,40.842745,775.0,650.0,791.0,755.0,1503.0,2313.0,2718.0,2834.0,2712.0,1970.0,1444.0,0.5792699916411257,-0.17985012489592006,-0.5635862068965517,0.4571930872060238,41.28900404000001
-73.89594667,40.80889833,1930.0,1188.0,1288.0,1382.0,1619.0,1749.0,1888.0,1456.0,1849.0,2233.0,1752.0,0.026074700493305146,0.21062618595825428,-0.061224489795918366,0.11225763646998226,46.20069878000004
-73.93151,40.79741333,1133.0,1334.0,1396.0,1568.0,1966.0,2066.0,2129.0,2152.0,2259.0,2140.0,1892.0,0.15698924731182795,-0.0027958993476234857,-0.21307779030439683,0.1218598401901698,44.03709212000001
-73.96144,40.797755,1247.0,1316.0,1304.0,1476.0,2208.0,2309.0,2683.0,2396.0,2661.0,2801.0,2294.0,0.23760330578512398,0.07792957475466615,-0.2951351351351351,0.17039118705035963,42.81002294000001
-73.95109333,40.79770167,1005.0,664.0,772.0,755.0,933.0,1420.0,1516.0,1658.0,1620.0,1424.0,1099.0,0.37422295897223373,-0.07592472420506165,-0.36460905349794237,0.4789974514585358,41.066832739999995
-73.95569667,40.79168167,478.0,439.0,533.0,388.0,1037.0,2379.0,2721.0,2668.0,2882.0,1740.0,974.0,0.7460732984293194,-0.21052631578947367,-0.6669790690409247,0.615588490655131,38.19569594000001
-73.96358167,40.80831,1149.0,765.0,918.0,897.0,1429.0,1826.0,1886.0,1956.0,2010.0,1825.0,1436.0,0.3711882229232387,-0.03464691880454906,-0.36116910229645094,0.4121602563379328,42.23921360000003
-73.91739333,40.84411,805.0,974.0,1106.0,1244.0,1330.0,1553.0,1749.0,1338.0,1715.0,1674.0,1423.0,0.03640588690937258,0.11155378486055777,-0.09492635024549918,0.17581707338375815,44.51903293999999
-73.96988833,40.79453667,1022.0,1404.0,1490.0,1474.0,1664.0,1728.0,1872.0,2060.0,1870.0,1929.0,1699.0,0.1658177702320317,-0.03284031085485084,-0.16056338028169015,0.16792653651032893,45.22314505999998
-73.879635,40.80643333,1072.0,1906.0,2014.0,2082.0,2334.0,2436.0,2459.0,2242.0,2390.0,3021.0,3130.0,0.03700277520814061,0.148014440433213,-0.05357142857142857,0.14093599190609643,43.38766831999999
-73.96904,40.79355167,987.0,998.0,1056.0,1218.0,1434.0,1522.0,1649.0,1472.0,1674.0,2049.0,1894.0,0.09442379182156134,0.16387389946038058,-0.16455696202531644,0.13915872611071198,43.18942316000005
-73.983515,40.775965,772.0,502.0,454.0,456.0,861.0,1057.0,1276.0,487.0,1057.0,1330.0,1213.0,0.032873806998939555,0.4639515685195377,-0.03506907545164718,0.13297569399790563,38.66054666000002
-73.91753833,40.84416833,991.0,1068.0,1094.0,1112.0,1436.0,1288.0,1215.0,1198.0,1511.0,1674.0,1595.0,0.03722943722943723,0.16573816155988857,-0.04537521815008726,0.15558257345491386,44.700188000000026
-73.95755667,40.76125333,916.0,482.0,569.0,526.0,737.0,1549.0,1866.0,1936.0,2098.0,1352.0,950.0,0.5727051177904143,-0.17761557177615572,-0.5457085828343313,0.35680123727631113,40.70794064000006
-73.98553167,40.78030667,1038.0,1294.0,1434.0,1570.0,1761.0,1763.0,1822.0,1744.0,1840.0,2021.0,1799.0,0.05250452625226312,0.07357237715803452,-0.09754562617998741,0.19313521570344683,39.54923186000002
-73.94354333,40.78470667,1157.0,1054.0,1162.0,1350.0,1595.0,1739.0,1683.0,1412.0,1713.0,1858.0,1613.0,0.022447501810282405,0.1363914373088685,-0.09712509712509712,0.18921598366416836,45.13427654000003
-73.92570833,40.84131333,1415.0,1764.0,1960.0,1714.0,1803.0,2296.0,2393.0,2276.0,2283.0,2689.0,2578.0,0.14085213032581453,0.08318227593152064,-0.07459867799811143,0.0979513317335343,43.38083228000005
-73.97783167,40.78652,911.0,397.0,447.0,393.0,555.0,880.0,1116.0,1262.0,1051.0,1045.0,779.0,0.5250755287009063,-0.09406155179887299,-0.47688706846108836,0.25072120480373095,43.70896220000003
-73.95793167,40.80602167,562.0,411.0,587.0,426.0,1045.0,2244.0,2591.0,2994.0,2880.0,1783.0,1037.0,0.7508771929824561,-0.25350638476030984,-0.6721586149120358,0.6079532247393924,42.81344095999998
-73.972215,40.765515,1025.0,391.0,535.0,348.0,798.0,2038.0,2814.0,3178.0,2788.0,1629.0,909.0,0.8026091888825865,-0.3222384023299355,-0.7118233234581202,0.7048059558471236,38.41444922000005
-73.97948333,40.79043667,1247.0,944.0,1086.0,1186.0,1335.0,1830.0,1593.0,1416.0,1828.0,2261.0,2227.0,0.0883935434281322,0.22980690780527604,-0.13189448441247004,0.16007953672235836,39.21768392000001
-73.90565167,40.84361667,1354.0,2190.0,2458.0,2518.0,1994.0,1987.0,1983.0,2722.0,2038.0,2552.0,2403.0,0.038931297709923665,-0.03223359878649981,-0.050965250965250966,0.15166688762658462,44.59422938
-73.89642,40.81940667,852.0,926.0,1016.0,940.0,901.0,2070.0,2543.0,2462.0,2586.0,1850.0,1372.0,0.44738389182833627,-0.14192949907235622,-0.41575618171362855,0.5989883692303103,42.36909836000001
-73.972105,40.76878333,398.0,546.0,752.0,558.0,937.0,2768.0,3385.0,3306.0,3679.0,1742.0,946.0,0.7111801242236024,-0.3098256735340729,-0.6293740758994578,0.7399764358936369,35.67319717999999
-73.92396833,40.84403833,1162.0,805.0,910.0,919.0,1312.0,1705.0,1841.0,1640.0,1810.0,1712.0,1366.0,0.28175068386088314,0.021479713603818614,-0.28627450980392155,0.2128338223124953,42.07514864000001
-73.97109,40.76729167,893.0,929.0,1056.0,803.0,1218.0,3423.0,4393.0,4992.0,4761.0,2656.0,1369.0,0.7228645383951683,-0.3054393305439331,-0.6507936507936508,0.7001293881567223,38.16151574000003
-73.90371167,40.80930667,1092.0,1050.0,1144.0,1278.0,1122.0,1199.0,1347.0,1298.0,1167.0,1529.0,1435.0,0.007763975155279503,0.08171206225680934,-0.06306306306306306,0.09789689376408107,47.48587429999998
-73.95429833,40.81096833,933.0,882.0,1054.0,1010.0,1349.0,2030.0,2067.0,2096.0,2192.0,1835.0,1358.0,0.34964584674822924,-0.06639531925718646,-0.3307936507936508,0.5219487837934234,42.36568034000004
-73.90236333,40.83376333,1801.0,1448.0,1816.0,1704.0,2561.0,3185.0,3756.0,3332.0,4021.0,2891.0,1939.0,0.3232724384432089,-0.07086614173228346,-0.29448329448329447,0.08850213114923557,44.91210524000002
-73.89312667,40.84268,1297.0,1204.0,1348.0,1598.0,1929.0,2458.0,2128.0,2026.0,2348.0,2448.0,2154.0,0.11810154525386314,0.09432275368797496,-0.2009484291641968,0.16575810476486283,43.26461960000006
-73.95801667,40.81085833,1430.0,699.0,870.0,784.0,1207.0,2003.0,2243.0,2218.0,2319.0,2009.0,1454.0,0.4776815456362425,-0.04944405015377336,-0.4365284974093264,0.2567264651792221,43.978985780000016
-73.94812,40.806325,1545.0,1276.0,1390.0,1598.0,2016.0,2413.0,2674.0,2296.0,2648.0,2561.0,2460.0,0.17925012840267077,0.05456042824788964,-0.24579489962018447,0.16623722532642374,45.226563080000005
-73.90793333,40.80256,2151.0,1470.0,1584.0,1588.0,1767.0,1623.0,1786.0,1938.0,1865.0,2238.0,1910.0,0.09926262053318208,0.07183908045977011,-0.10051107325383304,0.047721383434024496,50.88680420000003
-73.94937833,40.77346333,1166.0,1072.0,1128.0,1198.0,2065.0,2023.0,2220.0,1912.0,2135.0,2458.0,2235.0,0.22958199356913184,0.12494279176201373,-0.2578947368421053,0.20814813311413755,41.757272779999994
-73.98492333,40.78015333,1038.0,928.0,1042.0,1180.0,1137.0,1335.0,1538.0,1950.0,1557.0,1546.0,1361.0,0.24600638977635783,-0.11556064073226545,-0.303475935828877,0.14420059144109945,41.09417689999998
-73.970135,40.794275,1135.0,1086.0,1110.0,1240.0,1222.0,1371.0,1665.0,1404.0,1776.0,1834.0,1650.0,0.06202723146747353,0.13279802347127856,-0.11694510739856802,0.15153779338557377,43.408176440000034
-73.89464833,40.809025,1212.0,1108.0,1394.0,1606.0,1636.0,1929.0,1861.0,2072.0,2020.0,2504.0,2426.0,0.12669929309407288,0.0944055944055944,-0.1956145412579342,0.17385685884691834,46.20069878000004
-73.899735,40.81426333,1605.0,1308.0,1454.0,1500.0,1839.0,2385.0,2556.0,2254.0,2588.0,2371.0,1932.0,0.20085242408098028,0.025297297297297298,-0.21574973031283712,0.21716873966496528,45.69824984000002
-73.90311167,40.809555,1148.0,988.0,940.0,1046.0,1416.0,1426.0,1601.0,1030.0,1389.0,1740.0,1643.0,-0.007707129094412331,0.2563176895306859,-0.04568527918781726,0.026545599749995704,46.37501780000002
-73.96292,40.809115,1052.0,662.0,844.0,738.0,1135.0,1883.0,2223.0,2962.0,2137.0,1610.0,1118.0,0.601081081081081,-0.29571303587051617,-0.5564897530215449,0.5363156302160099,41.56928168000002
-73.95783,40.78233333,814.0,1356.0,1550.0,1692.0,1607.0,1775.0,1933.0,2228.0,1957.0,1873.0,1657.0,0.13673469387755102,-0.08656425262131187,-0.17946003176283748,0.18187542268137408,40.56780182
-73.88759333,40.806415,855.0,1384.0,1582.0,1710.0,1671.0,1972.0,1948.0,1904.0,1974.0,2441.0,2364.0,0.05368013281682346,0.123590333716916,-0.09236947791164658,0.12779558635512975,45.13769456
-73.96336167,40.80860333,1041.0,607.0,848.0,777.0,1276.0,2069.0,2365.0,2344.0,2410.0,1811.0,1307.0,0.5020826658122397,-0.1282791817087846,-0.46867167919799496,0.4530576281354281,41.91108368000005
-73.95013333,40.81740667,1009.0,1224.0,1476.0,1526.0,1845.0,2088.0,2348.0,2100.0,2468.0,2418.0,2084.0,0.1583011583011583,0.0703851261620186,-0.174496644295302,0.215433510180945,41.347110380000004
-73.954585,40.79564833,555.0,579.0,678.0,580.0,1009.0,2781.0,3472.0,2658.0,3510.0,1911.0,1135.0,0.6417541692402717,-0.16349310571240971,-0.5935251798561151,0.7854530552913795,37.04382320000002
-73.903075,40.817455,1327.0,1100.0,1190.0,1254.0,1868.0,1875.0,1921.0,1526.0,1951.0,2227.0,2126.0,0.09784172661870504,0.18678390620836663,-0.12371134020618557,0.1868876993914219,44.34813194000003
-73.95623667,40.79130833,422.0,649.0,849.0,786.0,1154.0,2467.0,2843.0,3186.0,2781.0,2165.0,1348.0,0.6042296072507553,-0.19080545692393944,-0.579182156133829,0.6436212332810227,36.753291500000046
-73.91732667,40.84535833,978.0,1036.0,1128.0,1166.0,1561.0,1716.0,1810.0,1472.0,1858.0,1892.0,1653.0,0.11599696739954511,0.1248513674197384,-0.13230769230769232,0.2550102914093815,43.43552060000002
-73.90507833,40.84362,1356.0,3708.0,3582.0,4090.0,2590.0,2611.0,3129.0,3584.0,2826.0,2699.0,2549.0,-0.06593692989314569,-0.14085627884768423,-0.00027909572983533354,0.11982970398283703,45.29150546000005
-73.951195,40.77346667,1292.0,1904.0,2176.0,2358.0,2674.0,3147.0,3198.0,3040.0,3392.0,3106.0,2401.0,0.12634309003334568,0.010738691832085909,-0.1656441717791411,0.21482552765786248,41.965772000000015
-73.90236167,40.81729167,1507.0,1432.0,1502.0,1582.0,1453.0,1908.0,2117.0,1788.0,2134.0,1912.0,1665.0,0.06112759643916914,0.03351351351351351,-0.08693009118541034,0.2609162600877597,45.11376842000004
-73.96040833,40.80168167,996.0,309.0,441.0,272.0,622.0,2431.0,2925.0,3086.0,3132.0,1567.0,767.0,0.8379988088147707,-0.3264560498603052,-0.749929118230791,0.801385104922738,40.48918736000002
-73.944875,40.78727667,940.0,1078.0,1218.0,1260.0,1383.0,1521.0,1733.0,1892.0,1694.0,1604.0,1428.0,0.20050761421319796,-0.08237986270022883,-0.21672025723472668,0.4634139004617444,41.82221516000004
-73.98692,40.77126667,853.0,1026.0,1124.0,1086.0,1334.0,1305.0,1484.0,1258.0,1408.0,1187.0,1001.0,0.07337883959044368,-0.02903885480572597,-0.056255247691015954,0.26855805650044623,42.64937600000002
-73.94251333,40.78649167,1042.0,1094.0,1180.0,1228.0,1433.0,1590.0,1793.0,1698.0,1772.0,1774.0,1604.0,0.16062884483937115,0.021889400921658985,-0.17998610145934676,0.17987711616280802,44.46434462000002
-73.95009667,40.79031333,751.0,568.0,739.0,588.0,1283.0,2177.0,2356.0,2846.0,2494.0,1854.0,1324.0,0.6575422248107163,-0.21106382978723404,-0.5877266387726638,0.4144535859181793,40.89934976000001
-73.884795,40.804875,1392.0,1486.0,1554.0,1784.0,1733.0,1736.0,1889.0,1794.0,1822.0,1992.0,1840.0,0.002794857462269424,0.05229793977812995,-0.07168458781362007,0.07632438214265608,46.094740160000015
-73.95473333,40.82247167,1356.0,734.0,836.0,785.0,1321.0,2515.0,2845.0,2900.0,2841.0,2395.0,1771.0,0.5739484396200815,-0.09537299338999056,-0.5524625267665952,0.33019115270875876,41.86323140000002
-73.947025,40.78921333,1348.0,1170.0,1368.0,1428.0,1923.0,1906.0,2099.0,1992.0,2158.0,2642.0,2382.0,0.1649122807017544,0.14026758739749676,-0.18571428571428572,0.17901242212947252,42.77926076000006
-73.94809667,40.78557667,606.0,617.0,780.0,704.0,1189.0,1961.0,2092.0,2492.0,2219.0,1607.0,1186.0,0.5594493116395495,-0.21590631861429618,-0.5232273838630807,0.40929268000068564,42.112746860000016
-73.95631167,40.80473,1114.0,800.0,965.0,818.0,1125.0,1729.0,2007.0,1692.0,2148.0,1897.0,1526.0,0.34820717131474105,0.05711897464474784,-0.2736168611215657,0.382517133006345,43.72605229999999
-73.906315,40.81544167,871.0,1326.0,1418.0,1526.0,1696.0,1935.0,1989.0,2130.0,2037.0,2020.0,1762.0,0.1652078774617068,-0.02650602409638554,-0.20067643742953778,0.1361959660100903,45.56152903999998
-73.906095,40.84464833,1100.0,758.0,909.0,959.0,1347.0,1572.0,1688.0,1406.0,1757.0,1682.0,1383.0,0.1890063424947146,0.08937823834196891,-0.21468682505399567,0.15431037228113761,44.768548399999986
-73.98854333,40.76914833,1172.0,1502.0,1464.0,1836.0,1836.0,1698.0,1838.0,1694.0,1862.0,2119.0,2000.0,-0.040226628895184136,0.11146079202727512,-0.07283090563647879,0.09347014498064639,43.25778356000001
-73.95643167,40.82298167,671.0,954.0,1080.0,1188.0,1115.0,1714.0,2029.0,1676.0,2201.0,1794.0,1494.0,0.17039106145251395,0.03400576368876081,-0.216255442670537,0.5428845232390992,39.723550880000005
-73.96454833,40.799075,1446.0,708.0,842.0,645.0,1170.0,1920.0,2212.0,2362.0,2145.0,1714.0,1297.0,0.5710009976720984,-0.1589793915603533,-0.47440699126092384,0.38703489360324417,45.158202680000045
-73.95014667,40.77375167,1528.0,1406.0,1558.0,1832.0,2716.0,2652.0,2887.0,2148.0,2853.0,3069.0,2849.0,0.07939698492462312,0.1765382403680276,-0.15920129519697787,0.10883817968444393,41.74018268000003
-73.90134833,40.83540667,833.0,1058.0,1160.0,1202.0,1441.0,1600.0,1825.0,1472.0,1777.0,1767.0,1493.0,0.10097232610321616,0.09107749305341155,-0.11854103343465046,0.22002519002615895,44.748040280000055
-73.89738667,40.80789833,1092.0,1026.0,1076.0,1140.0,1264.0,1712.0,1735.0,1970.0,1883.0,1754.0,1403.0,0.26688102893890675,-0.05800214822771214,-0.29349967170059094,0.1693691238588364,44.932613360000005
-73.91745,40.845115,1046.0,1240.0,1294.0,1274.0,1386.0,1776.0,2095.0,1620.0,1920.0,1724.0,1394.0,0.11955770559778853,0.03110047846889952,-0.11187371310912834,0.43511640776623345,43.38766831999999
-73.904615,40.80801667,987.0,1156.0,1272.0,1384.0,1651.0,1743.0,1724.0,1550.0,1728.0,2159.0,1970.0,0.05657805044308112,0.16419520086276623,-0.09851169383416017,0.05008847469623689,45.34619378000002
-73.91316,40.827285,917.0,1072.0,1202.0,1306.0,1383.0,1905.0,2061.0,2070.0,2044.0,2126.0,1901.0,0.22630331753554503,0.01334604385128694,-0.265281173594132,0.41771507470630437,46.57668097999999
-73.914005,40.83562167,937.0,729.0,857.0,846.0,1136.0,2314.0,2732.0,2346.0,2805.0,1771.0,1305.0,0.4699248120300752,-0.13966480446927373,-0.46487667811426786,0.39874629850401877,45.746102120000046
-73.91233667,40.82942333,1141.0,1360.0,1500.0,1546.0,1609.0,1656.0,1762.0,1892.0,1741.0,2132.0,1940.0,0.10063990692262943,0.05964214711729622,-0.11556603773584906,0.12158568341736381,46.323747500000025
-73.96472333,40.79915667,1170.0,1760.0,1792.0,1828.0,1658.0,2180.0,2226.0,2314.0,2337.0,1851.0,1403.0,0.11733462095605987,-0.11116446578631453,-0.12713102776424745,0.38703489360324417,45.158202680000045
-73.91226833,40.82940167,1141.0,1076.0,1112.0,1268.0,1609.0,1656.0,1762.0,1430.0,1741.0,2132.0,1940.0,0.060044477390659746,0.19708029197080293,-0.12509834775767112,0.12158568341736381,46.323747500000025
-73.91735333,40.83290167,1766.0,906.0,1009.0,1152.0,1846.0,2132.0,2037.0,1510.0,2320.0,2714.0,2533.0,0.13448534936138243,0.2850378787878788,-0.19888844779674475,0.09269283999929925,43.770486559999995
-73.953495,40.81755667,1020.0,497.0,623.0,591.0,1048.0,2318.0,2561.0,2770.0,2780.0,1868.0,1320.0,0.648318952692651,-0.19448037947391117,-0.632773356911288,0.513634149024785,43.127898800000025
-73.90972167,40.82632333,1299.0,977.0,1120.0,1166.0,1279.0,1488.0,1595.0,2216.0,1668.0,1549.0,1327.0,0.31046717918391487,-0.17715803452855244,-0.328537170263789,0.2553994462106452,48.306199100000015
-73.95696333,40.77681833,1261.0,1090.0,1214.0,1388.0,1623.0,1935.0,2475.0,1648.0,2439.0,1951.0,1562.0,0.08563899868247694,0.08419005279244235,-0.15164220824598182,0.2747503293672735,43.19967722000001
-73.91689667,40.80412167,956.0,869.0,987.0,921.0,1278.0,1743.0,1829.0,1882.0,1861.0,1542.0,1214.0,0.3428469496967535,-0.09929906542056074,-0.3119553851516208,0.2662491374265175,42.82027700000003
-73.894685,40.84391667,908.0,969.0,1158.0,1232.0,1334.0,1787.0,2021.0,1912.0,2046.0,1807.0,1405.0,0.21628498727735368,-0.028233396074213497,-0.24560260586319219,0.36924830941419123,41.56928168000002
-73.91581333,40.83496167,1551.0,654.0,943.0,839.0,1960.0,2212.0,2370.0,1806.0,2355.0,2518.0,2173.0,0.36559546313799623,0.16466234967622573,-0.3139323390323754,0.1380406375815223,43.144988900000044
-73.89158833,40.82145833,1535.0,1122.0,1312.0,1484.0,1473.0,1445.0,1648.0,1592.0,1832.0,1968.0,1680.0,0.035110533159947985,0.10561797752808989,-0.09641873278236915,0.07991054033424609,44.91894128000001
-73.91717,40.83334167,1806.0,919.0,1180.0,1250.0,2379.0,2335.0,2541.0,1628.0,2241.0,3038.0,3117.0,0.13134120917303682,0.30218602657522503,-0.15954415954415954,0.09364775816782633,42.77926076000006
-73.93579667,40.79961667,1128.0,1154.0,1274.0,1290.0,1918.0,2071.0,1967.0,1636.0,2004.0,2269.0,2094.0,0.11825017088174983,0.1620998719590269,-0.12439862542955327,0.09187822837674454,45.0932603
-73.909525,40.82669667,1299.0,1172.0,1260.0,1410.0,1008.0,1483.0,1229.0,1704.0,1316.0,1606.0,1453.0,0.09441233140655106,-0.029607250755287008,-0.14979757085020243,0.16364863887348394,47.63284915999998
-73.925235,40.826975,1185.0,1182.0,1296.0,1372.0,1424.0,1619.0,1568.0,1556.0,1665.0,1797.0,1731.0,0.06284153005464481,0.07187593200119297,-0.091164095371669,0.129197661055051,45.47266051999998
-73.90352,40.81751,1530.0,1052.0,1096.0,1240.0,1766.0,1687.0,1813.0,1322.0,1869.0,2131.0,2035.0,0.03200624512099922,0.23428902403706922,-0.0934656741108354,0.22471475813494043,43.914043400000025
-73.91058667,40.83936333,1226.0,947.0,1054.0,1116.0,1342.0,1610.0,1776.0,1966.0,1748.0,1981.0,1720.0,0.27579493835171964,0.003800354699771979,-0.3019867549668874,0.1375865978082881,44.375476100000014
-73.92255,40.82338833,1369.0,1244.0,1248.0,1360.0,1472.0,1671.0,1749.0,1780.0,1831.0,2257.0,2022.0,0.1337579617834395,0.11815704731236067,-0.17569352708058125,0.14810857020730916,47.584996880000006
-73.95286,40.818075,1217.0,1510.0,1582.0,1732.0,1909.0,1939.0,2096.0,1946.0,2089.0,2417.0,2255.0,0.05818379554105492,0.10795324318129727,-0.10317460317460317,0.09853025954463457,44.53954106000003
-73.9122,40.84474833,1131.0,1312.0,1458.0,1514.0,1347.0,1465.0,1618.0,1912.0,1761.0,1739.0,1383.0,0.11617046117921774,-0.04738427827992331,-0.13471810089020772,0.1005140422266102,43.274873660000026
-73.903805,40.81188,1384.0,1088.0,1122.0,1196.0,1463.0,1545.0,1551.0,1286.0,1559.0,2052.0,1977.0,0.0362610797743755,0.22947872977831035,-0.0681063122923588,0.11881377958627158,47.489292320000004
-73.92686333,40.83529333,890.0,943.0,1186.0,1094.0,1261.0,2133.0,2738.0,2036.0,2483.0,2039.0,1525.0,0.30095846645367413,0.000736196319018405,-0.2638112973308504,0.46751258620961766,43.54489724000001
-73.90882667,40.843765,1315.0,1366.0,1598.0,1700.0,2960.0,2983.0,3060.0,2688.0,3348.0,3820.0,3275.0,0.22515952597994532,0.17393976644130302,-0.2543163789080728,0.18663497684409766,43.79783071999998
-73.99138833,40.77586333,729.0,1048.0,1230.0,1214.0,1258.0,2084.0,2395.0,1950.0,2464.0,1928.0,1445.0,0.23261694058154236,-0.005673027333677153,-0.22641509433962265,0.3227884878315559,34.972503080000024
-73.962415,40.80243333,748.0,703.0,855.0,781.0,1341.0,2057.0,2251.0,2576.0,2364.0,1652.0,1193.0,0.5347036044086982,-0.2185430463576159,-0.501603031186243,0.42097703761612987,43.83542894000004
-73.893215,40.84425667,1098.0,1246.0,1410.0,1534.0,1579.0,1947.0,2250.0,1870.0,2124.0,2380.0,2067.0,0.09870740305522914,0.12,-0.1402439024390244,0.32206822431648324,42.83053106
-73.89811667,40.81923333,670.0,664.0,893.0,766.0,1131.0,2322.0,2485.0,2854.0,2790.0,1921.0,1325.0,0.5767955801104973,-0.19539267015706807,-0.5233520149452896,0.44278911920584246,42.62544986
-73.89667833,40.84407833,676.0,664.0,870.0,800.0,1197.0,1885.0,2006.0,2372.0,2269.0,1762.0,1201.0,0.49558638083228246,-0.14755684567005323,-0.46329426280074026,0.5993158208580487,42.41011460000004
-73.92572833,40.84127,1415.0,1120.0,1058.0,1136.0,1803.0,2296.0,2393.0,1812.0,2283.0,2689.0,2578.0,0.22930800542740842,0.194845589868918,-0.2627177700348432,0.15869586201263744,42.03755042
-73.89257667,40.84387167,990.0,1168.0,1284.0,1370.0,1534.0,1995.0,2257.0,2072.0,2189.0,1914.0,1605.0,0.20395119116792562,-0.03963873557451079,-0.23480333730631706,0.3481446963946155,42.70748234000001
-73.95827667,40.774705,823.0,1160.0,1302.0,1582.0,1388.0,1616.0,1658.0,1970.0,1579.0,1711.0,1418.0,0.10923423423423423,-0.07036131486009237,-0.2041564792176039,0.18997306470308617,42.14009102
-73.93841,40.80229333,1081.0,842.0,1001.0,838.0,1281.0,2289.0,2774.0,2790.0,2705.0,2086.0,1530.0,0.538037486218302,-0.1443806398687449,-0.47190714850962806,0.4110288065843622,45.23681714000003
-73.96528333,40.79930667,1170.0,720.0,882.0,869.0,1775.0,2090.0,2301.0,2188.0,2464.0,2410.0,2048.0,0.4314687602224403,0.048281861678990866,-0.4254071661237785,0.2940533705891995,44.56688522000002
-73.94929167,40.79698333,1058.0,505.0,610.0,438.0,916.0,2190.0,2453.0,2376.0,2661.0,1695.0,1106.0,0.6886993603411514,-0.16728076639646278,-0.5914266577361018,0.3822466263866748,41.09417689999998
-73.88392667,40.81553333,2579.0,2050.0,2164.0,2524.0,2138.0,2440.0,2582.0,2544.0,2533.0,3244.0,2920.0,0.003946329913180742,0.12093987560469938,-0.08071367884451996,0.07804046420868851,46.92531902000002
-73.89794333,40.83639,432.0,1058.0,1208.0,1294.0,1135.0,1836.0,2268.0,1812.0,2554.0,1812.0,1353.0,0.16677398583386993,0.0,-0.2,0.29421278283822344,37.80262363999998
-73.896715,40.80842,1231.0,1218.0,1282.0,1344.0,1352.0,1898.0,1704.0,1664.0,1871.0,1854.0,1455.0,0.10638297872340426,0.05400795906765207,-0.1296673455532926,0.305857608581344,44.80614662000005
-73.98891833,40.76938833,1200.0,1384.0,1354.0,1668.0,2275.0,1987.0,2184.0,1784.0,2115.0,2972.0,3134.0,0.03360370799536501,0.24978973927670312,-0.13702995538559593,0.06151385414662308,44.10545252000003
-73.90439333,40.808115,987.0,899.0,1064.0,1266.0,1469.0,1515.0,1607.0,1290.0,1542.0,1887.0,1828.0,0.009389671361502348,0.18791312559017942,-0.09600679694137638,0.04834281323500476,45.18554684000003
-73.91538833,40.83536667,1527.0,910.0,1003.0,1170.0,1755.0,1715.0,1661.0,1304.0,2051.0,2383.0,2120.0,0.054163298302344384,0.29264985082723083,-0.1304724750758561,0.13662905415799928,44.05418222000003
-73.97155833,40.766505,617.0,326.0,498.0,328.0,776.0,2437.0,3239.0,3706.0,3537.0,1710.0,860.0,0.8373822508676252,-0.3685376661742984,-0.7630827783063748,0.8202404701568987,38.769923300000016
-73.95496167,40.77345667,848.0,1000.0,1006.0,1140.0,1661.0,1744.0,1720.0,1700.0,1801.0,1787.0,1459.0,0.19718309859154928,0.024949813593346717,-0.2564671101256467,0.18028512410687078,43.94480557999998
-73.94806667,40.79310667,827.0,1228.0,1318.0,1332.0,1218.0,1766.0,1940.0,2200.0,2127.0,1760.0,1381.0,0.24575311438278596,-0.1111111111111111,-0.25071063104036384,0.2502113794312347,43.92087944000002
-73.97364167,40.79474167,961.0,901.0,1104.0,1138.0,1416.0,2248.0,2199.0,2536.0,2389.0,2364.0,1982.0,0.3805117038649973,-0.03510204081632653,-0.3934065934065934,0.2013216604472626,43.07662850000003
-73.95694833,40.80499,1484.0,1122.0,1272.0,1382.0,1615.0,1703.0,1824.0,1530.0,1769.0,1908.0,1733.0,0.050824175824175824,0.1099476439790576,-0.09207708779443255,0.24443347100017954,42.67330214000003
-73.90419833,40.81585833,1107.0,955.0,1036.0,1114.0,1097.0,1999.0,2243.0,1968.0,2473.0,2056.0,1465.0,0.27709279688513955,0.02186878727634195,-0.31025299600532624,0.44352785831938035,43.45261070000004
-73.92742833,40.83408,1628.0,939.0,1038.0,1182.0,1943.0,2058.0,2452.0,1836.0,2263.0,2736.0,2657.0,0.21669980119284293,0.1968503937007874,-0.2776617954070981,0.11356808442499193,41.86323140000002
-73.91715167,40.844005,805.0,823.0,917.0,975.0,1110.0,1466.0,1467.0,1890.0,1748.0,1729.0,1461.0,0.3193717277486911,-0.04448742746615087,-0.34663341645885287,0.22258535567763021,44.48143472000004
-73.957195,40.82223833,934.0,792.0,1102.0,1196.0,1742.0,1775.0,1806.0,1738.0,1948.0,2025.0,1906.0,0.18473074301295161,0.07626893436088228,-0.223943661971831,0.3561799168451556,38.722071020000044
-73.90078,40.8415,1606.0,1252.0,1334.0,1410.0,1966.0,2378.0,2343.0,1948.0,2324.0,2288.0,2001.0,0.16021441334127456,0.08026440037771483,-0.18708104814137722,0.1583478896445783,49.912668499999995
-73.95710667,40.80716333,728.0,523.0,710.0,658.0,1082.0,1636.0,1952.0,2680.0,2023.0,1479.0,1078.0,0.6057519472738166,-0.2887713392642462,-0.5811209439528023,0.49127733165817744,42.95699780000001
-73.95403167,40.77551333,1204.0,775.0,970.0,1068.0,1278.0,1709.0,1738.0,1636.0,1724.0,2023.0,1888.0,0.21005917159763313,0.10576660289696638,-0.2555640828856485,0.19272416616238922,43.89353528000004
-73.91676667,40.80406833,956.0,957.0,1080.0,1056.0,1278.0,1743.0,1829.0,1708.0,1861.0,1542.0,1214.0,0.23589001447178004,-0.051076923076923075,-0.22525107604017217,0.2662491374265175,42.82027700000003
-73.89541,40.81758333,1303.0,966.0,1120.0,1158.0,2063.0,2125.0,2405.0,1940.0,2384.0,2568.0,2530.0,0.2524209167204648,0.13930789707187222,-0.2679738562091503,0.15772475067138308,44.65917176000005
-73.894235,40.80907833,1212.0,1144.0,1216.0,1320.0,1569.0,1616.0,1835.0,1636.0,1698.0,1868.0,1722.0,0.10690121786197564,0.06621004566210045,-0.14726507713884993,0.14428610114413384,45.05224406000002
-73.90390667,40.80835167,974.0,1086.0,1172.0,1288.0,1475.0,1443.0,1485.0,1416.0,1481.0,1789.0,1720.0,0.047337278106508875,0.11638065522620905,-0.09428129829984544,0.05695009330589976,45.66406963999998
-73.89524667,40.81734,1231.0,1082.0,1160.0,1296.0,1442.0,1568.0,1660.0,1406.0,1619.0,1946.0,1719.0,0.04071058475203553,0.1610978520286396,-0.09586905689789556,0.11812261558765628,45.308595560000015
-73.95109833,40.78876833,764.0,786.0,977.0,954.0,1333.0,2121.0,2358.0,2710.0,2604.0,1830.0,1402.0,0.47925764192139736,-0.19383259911894274,-0.4700298345538378,0.2927822682495583,45.83497064000005
-73.891595,40.82153167,1535.0,1028.0,1122.0,1304.0,1473.0,1445.0,1648.0,1734.0,1832.0,1968.0,1680.0,0.14154048716260698,0.06320907617504051,-0.21428571428571427,0.07991054033424609,44.91894128000001
-73.95975,40.801385,607.0,576.0,728.0,592.0,994.0,2193.0,2938.0,2734.0,2929.0,1824.0,1100.0,0.6440168370414913,-0.19964896884598507,-0.5794338532640092,0.7057983970890385,40.3763927
-73.94890167,40.80167,1291.0,714.0,1020.0,943.0,1492.0,1810.0,2012.0,1930.0,1898.0,1770.0,1458.0,0.3435433344935607,-0.043243243243243246,-0.30847457627118646,0.23595930848648167,46.23146096000005
-73.96678333,40.80389833,1171.0,468.0,505.0,461.0,665.0,1033.0,1272.0,1206.0,1335.0,1331.0,972.0,0.4469106178764247,0.049270792274339774,-0.4097019286966686,0.24732469564817175,44.55663116000005
-73.93246333,40.79813333,1383.0,929.0,1200.0,1184.0,2224.0,2494.0,2573.0,2366.0,2814.0,2885.0,2624.0,0.3329577464788732,0.09883831651114074,-0.32697700504767246,0.22192853319057812,43.71238022
-73.964275,40.76059167,777.0,718.0,799.0,912.0,796.0,1122.0,1023.0,964.0,1205.0,1100.0,784.0,0.02771855010660981,0.06589147286821706,-0.09359047078842882,0.15173774921107339,43.43210257999999
-73.97178833,40.76615667,716.0,448.0,647.0,487.0,996.0,2633.0,3278.0,4228.0,3690.0,1938.0,1084.0,0.7934252386002121,-0.3713915017839766,-0.7345641025641025,0.7833101762218226,38.61611240000002
-73.95899333,40.809555,941.0,661.0,771.0,802.0,1357.0,1198.0,1409.0,1322.0,1411.0,1584.0,1390.0,0.2448210922787194,0.09015829318651067,-0.263258480649785,0.1634425648896161,44.58055730000001
-73.91556667,40.83522167,1527.0,1422.0,1780.0,1652.0,1695.0,2010.0,2473.0,2596.0,2255.0,2302.0,2201.0,0.2222222222222222,-0.06002449979583503,-0.18647166361974407,0.14709444923195603,43.42526654000005
-73.961635,40.79784833,1247.0,979.0,1124.0,1158.0,2104.0,2449.0,2533.0,1992.0,2460.0,2365.0,2196.0,0.26476190476190475,0.08560936424145053,-0.2785622593068036,0.17039118705035963,42.81002294000001
-73.94739333,40.78528667,808.0,677.0,827.0,748.0,1357.0,2274.0,2466.0,2898.0,2744.0,1951.0,1343.0,0.589687328579265,-0.19529799958754382,-0.5559731543624161,0.4383500491056814,42.604941740000015
-73.95279,40.77490333,1108.0,954.0,1186.0,1272.0,1580.0,2183.0,2353.0,2614.0,2546.0,2351.0,2205.0,0.34534225424601134,-0.05297079556898288,-0.3757894736842105,0.35087570860478895,43.568823380000026
-73.919065,40.84354333,988.0,1064.0,1288.0,1270.0,1417.0,1552.0,1641.0,2084.0,1768.0,1731.0,1544.0,0.2426952892069171,-0.09252948885976409,-0.23606168446026096,0.23344506175673815,46.03663382000002
-73.92630833,40.834865,973.0,709.0,807.0,825.0,1163.0,1612.0,2161.0,2122.0,1793.0,1864.0,1554.0,0.44010858500169664,-0.06472654290015052,-0.44895868897234553,0.3492232165596706,43.34665208000001
-73.95199333,40.81882333,1082.0,1538.0,1654.0,1892.0,1743.0,2030.0,2087.0,2230.0,2236.0,2105.0,1876.0,0.08199902959728288,-0.02883506343713956,-0.14830072090628219,0.1841025721015114,44.895015140000055
-73.93536833,40.80039333,821.0,1066.0,1316.0,1314.0,1449.0,1861.0,1865.0,2054.0,1808.0,2061.0,1878.0,0.21971496437054633,0.001701093560145808,-0.21899109792284865,0.39422045554924606,45.31884962000004
-73.89158333,40.821185,1457.0,1278.0,1452.0,1862.0,1629.0,1811.0,1611.0,2032.0,1712.0,2191.0,1894.0,0.04365690806368772,0.03765095903386218,-0.16647531572904709,0.022144363436958244,45.13085852000006
-73.96228333,40.79816,1794.0,2454.0,2808.0,2858.0,2391.0,2797.0,2874.0,3218.0,2825.0,3629.0,3193.0,0.05924950625411455,0.06002628888564335,-0.06803849983405244,0.22217577137865419,42.12641894000001
-73.947745,40.79293,766.0,991.0,1106.0,1252.0,1144.0,1188.0,1255.0,1260.0,1206.0,1492.0,1295.0,0.0031847133757961785,0.08430232558139535,-0.0650887573964497,0.16660509789434785,44.26268144000005
-73.89792833,40.81943,670.0,890.0,1082.0,1094.0,1144.0,1939.0,2712.0,1984.0,2514.0,1872.0,1327.0,0.28914879792072773,-0.029045643153526972,-0.294194390084801,0.5914010179480312,42.83053106
-73.87980333,40.80564167,962.0,887.0,999.0,1054.0,1747.0,1731.0,1731.0,1358.0,1887.0,2172.0,2017.0,0.12603648424543948,0.23059490084985837,-0.15231226134917267,0.10110867258930516,44.030256080000015
-73.95477667,40.78076833,1059.0,957.0,1018.0,1260.0,1433.0,1516.0,1660.0,1260.0,1797.0,2205.0,1898.0,0.0,0.2727272727272727,-0.10623353819139596,0.11921262164553244,42.833949080000025
-73.956035,40.77378667,692.0,486.0,683.0,770.0,1027.0,1531.0,1515.0,1418.0,1628.0,1591.0,1211.0,0.2961608775137112,0.05749418411432369,-0.3498334126606378,0.3379780955877744,43.51755308000003
-73.93538667,40.80095333,1066.0,1100.0,1234.0,1278.0,2286.0,2586.0,2820.0,2290.0,2816.0,2278.0,1866.0,0.2836322869955157,-0.002626970227670753,-0.2996594778660613,0.34035702949045465,43.51071704000003
-73.92721,40.834035,1628.0,2106.0,2176.0,2210.0,2536.0,2502.0,2704.0,2580.0,2632.0,3236.0,3250.0,0.07724425887265135,0.11279229711141678,-0.08494533221194281,0.10417182112494401,42.6835562
-73.95703667,40.7632,961.0,1078.0,1144.0,1268.0,1675.0,1721.0,1796.0,1610.0,1747.0,2043.0,1950.0,0.11883252258512857,0.11853271283876265,-0.1692084241103849,0.14524671966048588,42.5810156
-73.95860333,40.76001667,989.0,1914.0,2150.0,2294.0,3023.0,2799.0,3005.0,2416.0,2984.0,3113.0,2879.0,0.025902335456475585,0.12606257912823296,-0.05825667980727114,0.10779843421268732,39.59366612000002
-73.962185,40.80231667,938.0,795.0,984.0,971.0,1110.0,1811.0,2106.0,2314.0,2102.0,1707.0,1275.0,0.40882800608828007,-0.15095747326535688,-0.40327471194663433,0.2547934834830463,43.72947032000002
-73.95936,40.77446667,998.0,2238.0,2376.0,2498.0,2064.0,2386.0,2459.0,2548.0,2399.0,2421.0,2141.0,0.009908838684106223,-0.025558462467297243,-0.034930950446791224,0.142292947447181,42.030714380000006
-73.91331167,40.82978,1048.0,1021.0,1126.0,1116.0,1414.0,1576.0,1649.0,1528.0,1807.0,1963.0,1932.0,0.15582450832072617,0.12460613004869665,-0.15146948003014318,0.17081345058172004,44.88476108000003
-73.895245,40.84396167,766.0,739.0,849.0,758.0,1179.0,1960.0,2321.0,2394.0,2322.0,1712.0,1182.0,0.5190355329949239,-0.16609839259620068,-0.47641073080481033,0.4851746714142724,41.063414720000026
-73.90502167,40.84424,1092.0,1007.0,1088.0,1498.0,1925.0,1953.0,1906.0,1808.0,2087.0,2281.0,1990.0,0.09376890502117362,0.115676204450966,-0.24861878453038674,0.15947423727002344,46.063977980000004
-73.96481667,40.799195,1170.0,1716.0,1664.0,1706.0,1658.0,2180.0,2226.0,2314.0,2337.0,1851.0,1403.0,0.15124378109452735,-0.11116446578631453,-0.16339869281045752,0.3003031681067152,45.14794862000002
-73.92139333,40.83182,1440.0,946.0,1090.0,1092.0,2203.0,2384.0,2638.0,2290.0,2422.0,2793.0,2623.0,0.3542282672974571,0.09895730867597875,-0.35502958579881655,0.16867770882990424,43.55856932000006
-73.91755,40.84626833,1252.0,1036.0,1146.0,1308.0,2132.0,2227.0,2281.0,1678.0,2183.0,2363.0,2000.0,0.12391158740790355,0.16951249690670625,-0.18838526912181303,0.11393160888303695,44.28660758000001
-73.88854167,40.806315,861.0,1048.0,1214.0,1418.0,1057.0,1245.0,1283.0,1664.0,1319.0,1546.0,1496.0,0.07981829980532122,-0.0367601246105919,-0.15635858234885336,0.20241365438767886,46.62453326000002
-73.95483667,40.794275,463.0,1396.0,1468.0,1542.0,1279.0,2156.0,2805.0,2424.0,2909.0,1978.0,1213.0,0.22239031770045387,-0.10131758291685597,-0.24563206577595068,0.4942954439843809,38.51357180000002
-73.98883667,40.769325,1200.0,1384.0,1354.0,1668.0,2275.0,1987.0,2184.0,1784.0,2115.0,2972.0,3134.0,0.03360370799536501,0.24978973927670312,-0.13702995538559593,0.06151385414662308,44.10545252000003
-73.94841667,40.78615167,655.0,652.0,677.0,624.0,698.0,1304.0,1563.0,1290.0,1752.0,1297.0,849.0,0.34796238244514105,0.002705836876691148,-0.31164209456024405,0.519041247082035,42.97066988000006
-73.91302167,40.83857333,1174.0,1306.0,1476.0,1624.0,1927.0,1886.0,1881.0,1778.0,1974.0,2507.0,2483.0,0.04526748971193416,0.17012835472578763,-0.09280885064535956,0.07185104235315712,45.08300624000003
-73.95843667,40.76429833,980.0,803.0,873.0,945.0,965.0,1286.0,1195.0,1132.0,1135.0,1380.0,1237.0,0.09003370245546462,0.09872611464968153,-0.12917705735660848,0.10490463215258847,42.39644252000005
-73.89597667,40.84400167,638.0,830.0,1021.0,1068.0,1223.0,2181.0,2369.0,1990.0,2565.0,1948.0,1245.0,0.30150425114453894,-0.010665312341289994,-0.32181999335768846,0.21527593965060873,41.28558601999998
-73.90328,40.8087,944.0,857.0,984.0,1128.0,1170.0,1095.0,1161.0,1064.0,1196.0,1497.0,1397.0,-0.029197080291970802,0.16907458024209293,-0.0390625,0.16156785721910286,45.633307460000026
-73.90519333,40.80768,965.0,1212.0,1288.0,1344.0,1492.0,1582.0,1677.0,1580.0,1575.0,1792.0,1647.0,0.08071135430916553,0.06287069988137604,-0.10181311018131102,0.048897616709809924,45.07275218000001
-73.93185,40.79783833,826.0,1026.0,1078.0,1362.0,1503.0,2324.0,2871.0,2344.0,3071.0,2014.0,1290.0,0.26497571505666484,-0.07572280862781092,-0.3699590882524839,0.26913588805888233,43.64401982000004
-73.88334667,40.81329,1604.0,1282.0,1304.0,1462.0,1403.0,1570.0,1676.0,1538.0,1734.0,2411.0,2303.0,0.025333333333333333,0.22106862496834642,-0.08233638282899367,0.057776627489190734,47.43118598000001
-73.98191333,40.78349667,1149.0,986.0,1104.0,1326.0,1221.0,1770.0,1932.0,2438.0,2048.0,1840.0,1490.0,0.29543039319872477,-0.13978494623655913,-0.37662337662337664,0.28862231565142765,40.80706322000003
-73.95489333,40.773545,848.0,669.0,774.0,849.0,1371.0,1490.0,1587.0,1302.0,1708.0,1647.0,1429.0,0.2105997210599721,0.11698880976602238,-0.2543352601156069,0.1948335059131289,44.31395173999999
-73.96964,40.76536333,1117.0,1192.0,1292.0,1208.0,1229.0,1520.0,1597.0,1718.0,1546.0,1542.0,1253.0,0.17429938482570062,-0.053987730061349694,-0.1415282392026578,0.15739169187297902,43.02194018
-73.959795,40.80140333,607.0,383.0,520.0,400.0,994.0,2193.0,2938.0,3440.0,2929.0,1824.0,1100.0,0.7916666666666666,-0.3069908814589666,-0.7373737373737373,0.7057983970890385,40.3763927
-73.91729,40.84560167,978.0,544.0,724.0,633.0,1290.0,2432.0,2841.0,2750.0,2877.0,2017.0,1417.0,0.6257759385161099,-0.1537654709460877,-0.5831894070236039,0.3695285905855655,43.65769190000003
-73.92724333,40.83541667,1252.0,839.0,968.0,1196.0,1467.0,1531.0,1583.0,1522.0,1667.0,2223.0,2011.0,0.1199411331861663,0.18718291054739652,-0.22248995983935743,0.12318528639253347,43.066374440000004
-73.89827833,40.81907833,829.0,913.0,1020.0,1106.0,1474.0,1988.0,2314.0,2114.0,2301.0,2179.0,1738.0,0.3130434782608696,0.015140927090612625,-0.3490746649649011,0.44278911920584246,42.62544986
-73.91718167,40.83325167,1766.0,969.0,1070.0,1076.0,2038.0,2328.0,1995.0,1522.0,2176.0,2814.0,2865.0,0.1716705157813703,0.29797047970479706,-0.1743827160493827,0.09364775816782633,42.77926076000006
-73.91836667,40.844505,898.0,836.0,883.0,998.0,1246.0,2252.0,2644.0,1982.0,2509.0,1907.0,1368.0,0.3302013422818792,-0.019285163281049112,-0.38359511343804537,0.19638289626663227,44.669425820000015
-73.88595,40.80504,1148.0,896.0,1010.0,1042.0,1156.0,1704.0,1870.0,2060.0,1861.0,1915.0,1650.0,0.32817537072856223,-0.03647798742138365,-0.34201954397394135,0.35624820405334606,42.82369502000006
-73.91238,40.83506167,1012.0,557.0,647.0,635.0,769.0,1276.0,1484.0,1860.0,1645.0,1509.0,1260.0,0.4909819639278557,-0.10418521816562779,-0.48384523334662943,0.2105597585433173,45.226563080000005
-73.91654667,40.84372,1456.0,1016.0,1146.0,1150.0,1190.0,1774.0,1994.0,1598.0,2262.0,1894.0,1426.0,0.16302765647743814,0.08476517754868271,-0.16472303206997085,0.2457030966712597,45.06591614000001
-73.953765,40.79819333,608.0,980.0,1256.0,1262.0,1115.0,2537.0,3329.0,2912.0,3269.0,1993.0,1107.0,0.3953042644944897,-0.18735983690112132,-0.39731285988483683,0.5969159902255428,38.69472686000006
-73.96897,40.76510667,899.0,1718.0,1888.0,1986.0,1417.0,1552.0,1712.0,2712.0,1615.0,1704.0,1454.0,0.1545338441890166,-0.22826086956521738,-0.1791304347826087,0.20053523501612674,42.881801360000054
-73.98839833,40.76930833,1172.0,911.0,979.0,1082.0,1836.0,1698.0,1838.0,1112.0,1862.0,2119.0,2000.0,0.013673655423883319,0.311668214175178,-0.06360593017694882,0.11089216358236247,42.85787521999998
-73.9536,40.80364333,1201.0,1132.0,1162.0,1310.0,1440.0,2110.0,2221.0,1764.0,2316.0,2465.0,2050.0,0.14769030579050096,0.16576022700401985,-0.20574162679425836,0.273389391886564,45.60938132000001
-73.89359333,40.84446,1136.0,1954.0,1836.0,2100.0,2255.0,2415.0,2503.0,2920.0,2562.0,2700.0,2484.0,0.16334661354581673,-0.03914590747330961,-0.22792262405382674,0.11169087575800316,42.71090035999998
-73.92751833,40.83859333,1221.0,762.0,955.0,990.0,1840.0,2716.0,2842.0,2432.0,2998.0,2801.0,2422.0,0.4213909994155465,0.07051404548060386,-0.43607912607026866,0.31675230471708155,40.92327590000002
-73.88758833,40.82077167,1244.0,987.0,1084.0,1214.0,1538.0,1519.0,1699.0,1310.0,1658.0,2239.0,2029.0,0.03803486529318542,0.26176387714849253,-0.09440267335004177,0.05745508427486567,46.159682540000006
-73.95790833,40.774565,823.0,877.0,973.0,981.0,1024.0,1281.0,1364.0,1820.0,1607.0,1361.0,1091.0,0.2995358800428418,-0.1442942470921094,-0.3032581453634085,0.3368075269689351,41.757272779999994
-73.94574333,40.78616,625.0,897.0,1016.0,1108.0,1305.0,2077.0,2024.0,2246.0,2073.0,1627.0,1287.0,0.3392963625521765,-0.1598244255099406,-0.3770692826486818,0.40979409778392034,41.68207633999998
-73.90973,40.840805,1120.0,717.0,868.0,1032.0,1789.0,2244.0,2407.0,2778.0,2615.0,2464.0,1850.0,0.4582677165354331,-0.05990080122090805,-0.523861766319254,0.15294841065669432,42.782678780000026
-73.89895667,40.83655833,338.0,551.0,644.0,591.0,858.0,2088.0,2529.0,2302.0,2820.0,1680.0,946.0,0.5914275838230211,-0.15620291310899045,-0.5627970128988459,0.6659764060752551,37.45056757999998
-73.948925,40.79436,882.0,818.0,843.0,879.0,1210.0,1761.0,2129.0,1592.0,2002.0,1739.0,1253.0,0.2885471469040874,0.04413089162413689,-0.30759753593429157,0.24927698882030475,43.23727544000002
-73.89852833,40.81886667,829.0,1078.0,1288.0,1282.0,1380.0,2064.0,2333.0,2934.0,2424.0,2191.0,2071.0,0.3918406072106262,-0.14497560975609755,-0.38986262434864993,0.2945813431183374,42.66304808000001
-73.89892167,40.81846333,1042.0,1032.0,1310.0,1324.0,1299.0,2037.0,2411.0,2312.0,2502.0,2069.0,1596.0,0.2717271727172717,-0.05546678840447387,-0.2766427388183324,0.3520703534211833,43.538061200000016
-73.894965,40.80901833,1389.0,965.0,1050.0,1114.0,1458.0,1603.0,1707.0,1958.0,1648.0,1814.0,1654.0,0.2747395833333333,-0.03817603393425239,-0.30186170212765956,0.17385685884691834,46.20069878000004
-73.95905167,40.81632333,1489.0,1884.0,2178.0,2396.0,2280.0,2299.0,2319.0,2568.0,2277.0,2461.0,2257.0,0.0346494762288477,-0.02127659574468085,-0.08217446270543616,0.0888221744869174,42.03755042
-73.988065,40.76966,1172.0,1420.0,1378.0,1376.0,1239.0,1350.0,1582.0,1964.0,1647.0,1928.0,1645.0,0.17604790419161676,-0.009249743062692703,-0.175344105326152,0.17396377475003152,43.26803762000003
-73.95814667,40.77465667,823.0,825.0,1098.0,1218.0,1388.0,1616.0,1658.0,1666.0,1579.0,1711.0,1418.0,0.1553398058252427,0.013325436778205508,-0.20549927641099855,0.18997306470308617,42.14009102
-73.95968167,40.80942667,884.0,944.0,956.0,1048.0,1331.0,1576.0,1707.0,1726.0,1750.0,1689.0,1455.0,0.24441240086517663,-0.010834553440702782,-0.2870991797166294,0.17820812297490782,45.195800899999995
-73.95230333,40.774715,1108.0,803.0,963.0,957.0,1842.0,1969.0,2072.0,2136.0,2165.0,2345.0,1910.0,0.38118331716779824,0.04664137469314885,-0.37850919651500486,0.21096803935560882,43.5209711
-73.87966833,40.80660333,898.0,1464.0,1482.0,1712.0,2305.0,2247.0,2151.0,1796.0,2155.0,2989.0,3055.0,0.02394526795895097,0.24932079414838035,-0.09579011592434411,0.1637302232206874,43.48679090000002
-73.96921333,40.76518667,1070.0,816.0,1088.0,1160.0,1370.0,1780.0,1730.0,1788.0,1791.0,1867.0,1588.0,0.2130257801899593,0.02161422708618331,-0.24339360222531292,0.20053523501612674,42.881801360000054
-73.98791333,40.76985833,1068.0,949.0,988.0,1050.0,1429.0,1551.0,1706.0,1368.0,1740.0,1772.0,1658.0,0.1315136476426799,0.1286624203821656,-0.16129032258064516,0.2908673431597661,43.62692972000002
-73.887645,40.82072333,1244.0,991.0,1156.0,1224.0,1538.0,1519.0,1699.0,1572.0,1658.0,2239.0,2029.0,0.12446351931330472,0.17501967987404882,-0.15249266862170088,0.08681992837756783,45.896495000000016
-73.92759667,40.82512667,918.0,1098.0,1324.0,1354.0,1316.0,1430.0,1488.0,1666.0,1506.0,1465.0,1351.0,0.10331125827814569,-0.06419674225487065,-0.11438127090301003,0.17311029837136108,46.95949922
-73.95475667,40.79444,463.0,570.0,780.0,689.0,855.0,2495.0,3305.0,3384.0,3477.0,1984.0,980.0,0.6616744414436533,-0.2608047690014903,-0.6253602305475504,0.6360409844723776,38.359760900000026
-73.90928667,40.8438,1174.0,1052.0,1202.0,1304.0,1339.0,1678.0,1728.0,1882.0,1636.0,1758.0,1644.0,0.18141870684243566,-0.03406593406593406,-0.2204928664072633,0.18524553622898773,43.261201580000034
-73.90280667,40.80849833,944.0,1072.0,1038.0,1084.0,1088.0,1237.0,1265.0,1336.0,1319.0,1532.0,1420.0,0.10413223140495868,0.06834030683403068,-0.12552653748946924,0.23464359023049308,46.07081402000006
-73.896405,40.83876333,498.0,662.0,818.0,736.0,1107.0,2161.0,2518.0,2400.0,2745.0,1864.0,1179.0,0.5306122448979592,-0.12570356472795496,-0.4916096954630205,0.6279517782159143,38.17518782000002
-73.943345,40.79105833,1564.0,1084.0,1268.0,1454.0,2684.0,2974.0,3162.0,2750.0,3314.0,2837.0,2208.0,0.3082778306374881,0.01557186325398246,-0.36884021901443503,0.2595872182603241,43.00826810000001
-73.89379667,40.809135,1448.0,2070.0,2318.0,2442.0,3363.0,3300.0,3394.0,2556.0,3230.0,4219.0,4089.0,0.022809123649459785,0.24546125461254611,-0.04883052933935166,0.13439937692429385,45.66406963999998
-73.92758167,40.83860333,1221.0,762.0,955.0,990.0,1840.0,2716.0,2842.0,2432.0,2998.0,2801.0,2422.0,0.4213909994155465,0.07051404548060386,-0.43607912607026866,0.31675230471708155,40.92327590000002
-73.929355,40.82962667,1120.0,1196.0,1244.0,1400.0,1582.0,1920.0,2019.0,1942.0,2126.0,1929.0,1582.0,0.16217833632555356,-0.003358305347455438,-0.21908349026993096,0.3824378418895428,42.02729636000004
-73.94887667,40.79442333,882.0,871.0,977.0,1000.0,1693.0,2066.0,2208.0,2192.0,2214.0,2097.0,1748.0,0.37343358395989973,-0.02214968524131499,-0.38340170400757334,0.26950732356857543,42.93648968000002
-73.95904833,40.78071333,968.0,1200.0,1318.0,1440.0,1331.0,1383.0,1378.0,1620.0,1403.0,1658.0,1490.0,0.058823529411764705,0.011592434411226357,-0.10279101429543908,0.13812310055050236,41.86323140000002
-73.95209833,40.77465167,1216.0,1154.0,1208.0,1430.0,1287.0,1928.0,2124.0,2344.0,2242.0,2248.0,2002.0,0.24218335983041867,-0.020905923344947737,-0.31981981981981983,0.21096803935560882,43.5209711
-73.98273833,40.78222,1010.0,738.0,848.0,857.0,1419.0,1899.0,1800.0,1888.0,1905.0,1730.0,1415.0,0.375591985428051,-0.04367053620784964,-0.38011695906432746,0.21047568145376813,41.85639536000002
-73.98848167,40.769195,1172.0,1502.0,1464.0,1836.0,1836.0,1698.0,1838.0,1694.0,1862.0,2119.0,2000.0,-0.040226628895184136,0.11146079202727512,-0.07283090563647879,0.09347014498064639,43.25778356000001
-73.95282333,40.81810833,1217.0,1222.0,1320.0,1456.0,1909.0,1939.0,2096.0,1730.0,2089.0,2417.0,2255.0,0.08600125549278091,0.16566192428261395,-0.13442622950819672,0.096513017663485,45.02148188000001
-73.92761833,40.82505333,918.0,1072.0,1334.0,1424.0,1424.0,1547.0,1605.0,1700.0,1698.0,1499.0,1372.0,0.088348271446863,-0.06283213504220068,-0.12063282794990111,0.17311029837136108,46.95949922
-73.90984333,40.826115,1170.0,890.0,1216.0,1258.0,1282.0,1456.0,1681.0,2024.0,1799.0,1627.0,1494.0,0.23339427178549665,-0.10873733223774308,-0.24938271604938272,0.2553994462106452,48.306199100000015
-73.98481667,40.77417667,1209.0,1302.0,1390.0,1428.0,1906.0,2056.0,2157.0,1650.0,2327.0,2537.0,2199.0,0.07212475633528265,0.21184619058992119,-0.08552631578947369,0.12499432600505359,44.406238280000025
-73.88612167,40.805795,1615.0,1288.0,1430.0,1470.0,1489.0,2207.0,2453.0,2470.0,2540.0,2508.0,2145.0,0.25380710659898476,0.007633587786259542,-0.26666666666666666,0.3651319613998373,43.144988900000044
-73.89464333,40.81779333,1238.0,1042.0,1220.0,1288.0,1617.0,1596.0,1522.0,1368.0,1662.0,2266.0,1916.0,0.030120481927710843,0.24711062190423774,-0.0571870170015456,0.055470410837000085,44.68993394000006
-73.954065,40.79587667,1767.0,670.0,764.0,677.0,1058.0,2400.0,2613.0,2354.0,3017.0,1790.0,1139.0,0.5532827449686573,-0.1361003861003861,-0.5099422706863374,0.7447131231222474,37.542854120000015
-73.94844833,40.79487333,1245.0,943.0,1018.0,1070.0,994.0,1157.0,1264.0,1216.0,1213.0,1478.0,1267.0,0.06386701662292213,0.09725315515961395,-0.08863025962399283,0.17116192841779374,44.04392816000001
-73.95912167,40.80943333,941.0,1088.0,1182.0,1272.0,1556.0,1952.0,2217.0,1998.0,2097.0,1881.0,1477.0,0.22201834862385322,-0.030162412993039442,-0.25660377358490566,0.1634425648896161,44.58055730000001
-73.96473333,40.80831333,1197.0,919.0,940.0,1086.0,1529.0,1620.0,1878.0,1418.0,1849.0,1842.0,1655.0,0.13258785942492013,0.13006134969325153,-0.20271416454622562,0.14705149708554066,41.99995220000005
-73.93796167,40.80208333,1150.0,858.0,955.0,985.0,1514.0,2167.0,2432.0,2286.0,2481.0,2347.0,2049.0,0.39773769489452765,0.013166414849989207,-0.41067571737118175,0.2902360111359134,44.36522204000005
-73.94821333,40.795215,911.0,758.0,755.0,938.0,1113.0,1339.0,1430.0,1400.0,1634.0,1892.0,1654.0,0.19760479041916168,0.14945321992709598,-0.29930394431554525,0.16332808526099074,44.847162860000026
-73.95698167,40.81402333,1025.0,612.0,669.0,578.0,988.0,1827.0,2182.0,2406.0,2302.0,1651.0,1130.0,0.6126005361930295,-0.18609810204584668,-0.5648780487804878,0.492264428121721,42.194779340000025
-73.98765833,40.770145,964.0,694.0,766.0,788.0,1174.0,1606.0,1599.0,1390.0,1621.0,1525.0,1294.0,0.2764003673094582,0.04631217838765009,-0.2894248608534323,0.2604079575779092,43.22018534000006
-73.95334333,40.77503167,1107.0,3106.0,3356.0,3328.0,2287.0,2834.0,3155.0,3588.0,2994.0,2793.0,2430.0,0.03759398496240601,-0.12458862247296662,-0.03341013824884793,0.26270608478022833,43.57224140000005
-73.89783167,40.83627167,512.0,969.0,1236.0,1192.0,1393.0,1830.0,1960.0,2158.0,2104.0,1826.0,1462.0,0.2883582089552239,-0.08333333333333333,-0.27165586328815555,0.29421278283822344,37.80262363999998
-73.95161833,40.76979667,1412.0,1498.0,1760.0,1996.0,2198.0,2395.0,2314.0,2040.0,2514.0,2629.0,2441.0,0.010901883052527254,0.1261512101092311,-0.07368421052631578,0.1150365354964134,44.08836242000001
-73.88209833,40.8127,1254.0,1148.0,1226.0,1276.0,1446.0,1539.0,1626.0,1334.0,1679.0,1644.0,1386.0,0.022222222222222223,0.10409670920080591,-0.0421875,0.09921486020681715,49.23590053999999
-73.911355,40.83470833,1190.0,1426.0,1572.0,1802.0,2274.0,2148.0,2317.0,2106.0,2313.0,2616.0,2408.0,0.07778915046059365,0.10800508259212198,-0.14518760195758565,0.20136663963520823,43.92771548000002
-73.90652333,40.84469167,1218.0,1328.0,1452.0,1570.0,1482.0,1765.0,1792.0,1670.0,1550.0,1966.0,1806.0,0.030864197530864196,0.0814081408140814,-0.06982703395259449,0.08826698154676237,44.36180402000002
-73.96174333,40.81029833,1133.0,1382.0,1536.0,1620.0,1514.0,1389.0,1541.0,1688.0,1487.0,1535.0,1421.0,0.020556227327690448,-0.047471300031026994,-0.04714640198511166,0.07243238078555332,44.095198460000006
-73.954845,40.79424833,463.0,1396.0,1468.0,1542.0,1279.0,2156.0,2805.0,2424.0,2909.0,1978.0,1213.0,0.22239031770045387,-0.10131758291685597,-0.24563206577595068,0.4942954439843809,38.51357180000002
-73.93846833,40.85229167,1073.0,551.0,800.0,683.0,912.0,2338.0,2966.0,2852.0,3056.0,1709.0,1043.0,0.6135785007072135,-0.25060293795220345,-0.5618838992332968,0.2399866701645668,44.27635352000004
-73.93244833,40.79610667,1450.0,1744.0,2022.0,2072.0,2356.0,2620.0,2753.0,2474.0,2794.0,2907.0,2620.0,0.08842938847338319,0.08046831443969522,-0.10053380782918149,0.1917253833379016,43.623511699999995
-73.91649,40.834185,1453.0,1046.0,1120.0,1172.0,2554.0,2822.0,2714.0,1484.0,3108.0,3300.0,3080.0,0.11746987951807229,0.3795986622073579,-0.13978494623655913,0.09424430850305023,43.35348812000001
-73.95451,40.80401333,990.0,666.0,717.0,776.0,943.0,1273.0,1443.0,1464.0,1445.0,1473.0,1359.0,0.30714285714285716,0.0030643513789581204,-0.3425034387895461,0.30945767072465924,45.84180667999999
-73.96290333,40.80265333,739.0,770.0,879.0,893.0,1280.0,1659.0,1981.0,1650.0,1997.0,1720.0,1317.0,0.2976799056232796,0.020771513353115726,-0.30486358244365364,0.44498367009413703,43.408176440000034
-73.95828167,40.76455833,882.0,1058.0,1188.0,1236.0,1074.0,1203.0,1420.0,1252.0,1255.0,1312.0,1097.0,0.006430868167202572,0.0234009360374415,-0.02622950819672131,0.09335305088673804,42.14692706000005
-73.895195,40.840695,508.0,399.0,547.0,430.0,987.0,2455.0,3087.0,2836.0,2919.0,1686.0,963.0,0.7366809552969994,-0.254312251216276,-0.6766183860478865,0.6933466733366682,40.63616222000002
-73.94478333,40.80008,1335.0,1342.0,1470.0,1584.0,1639.0,2258.0,2036.0,2066.0,2102.0,2345.0,2054.0,0.13205479452054794,0.06325096350034005,-0.16855203619909503,0.10172216697491569,45.93751124000005
-73.90266,40.83337667,1296.0,1390.0,1588.0,1764.0,2149.0,2747.0,2837.0,2480.0,2665.0,2694.0,2295.0,0.16870876531573986,0.04136064940085041,-0.2192723697148476,0.14319755343622517,44.12937866000004
-73.89440833,40.84419667,731.0,980.0,990.0,990.0,1268.0,1841.0,2137.0,1798.0,2162.0,1726.0,1311.0,0.2898134863701578,-0.02043132803632236,-0.2898134863701578,0.523470876543102,41.44965098
-73.90281667,40.808575,944.0,996.0,1005.0,1064.0,1088.0,1237.0,1265.0,1194.0,1319.0,1532.0,1420.0,0.05757307351638618,0.123991195891416,-0.08594815825375171,0.23464359023049308,46.07081402000006
-73.95429333,40.76869333,1375.0,876.0,958.0,1052.0,2143.0,2285.0,2433.0,1946.0,2432.0,2579.0,2371.0,0.2981987991994663,0.13988950276243095,-0.3402203856749311,0.18599617278915825,43.56198734000003
-73.88908167,40.81861,1413.0,948.0,1084.0,1216.0,1370.0,1458.0,1453.0,1340.0,1608.0,1665.0,1757.0,0.048513302034428794,0.10815307820299501,-0.10561056105610561,0.22506368889638473,44.54637710000003
-73.90456667,40.81534,1223.0,1160.0,1282.0,1180.0,1491.0,2177.0,2146.0,2498.0,2307.0,2129.0,1646.0,0.3583469276780859,-0.07974929760103738,-0.3216931216931217,0.36458739159920917,44.9907197
-73.95658667,40.762765,599.0,915.0,1116.0,1124.0,1104.0,1748.0,1930.0,1888.0,2250.0,1409.0,1053.0,0.2536520584329349,-0.14528359114346376,-0.2569906790945406,0.4019855455393225,40.85491550000006
-73.898605,40.81880333,829.0,836.0,943.0,926.0,1380.0,2064.0,2333.0,2368.0,2424.0,2191.0,2071.0,0.43776563448694594,-0.03882430357534547,-0.4303835699184536,0.2945813431183374,42.66304808000001
-73.88737833,40.81410333,1466.0,2258.0,2408.0,2626.0,2661.0,2699.0,2964.0,2574.0,2801.0,3090.0,3251.0,-0.01,0.09110169491525423,-0.03331995182657567,0.06497469393757424,44.69676998
-73.98473833,40.774265,1209.0,1562.0,1656.0,1728.0,1906.0,2056.0,2157.0,2250.0,2327.0,2537.0,2199.0,0.13122171945701358,0.05995404219761855,-0.15207373271889402,0.12499432600505359,44.406238280000025
-73.927855,40.82134,1100.0,1460.0,1502.0,1626.0,2163.0,2367.0,2647.0,2770.0,2612.0,2673.0,2446.0,0.2602365787079163,-0.017821054565496968,-0.29681647940074907,0.22239448479935775,42.91256354000001
-73.9097,40.84086667,1039.0,1144.0,1178.0,1326.0,1827.0,2039.0,2025.0,2430.0,2341.0,2600.0,2248.0,0.2939297124600639,0.033797216699801194,-0.34700665188470065,0.28546624093970685,41.473577120000016
-73.984385,40.774745,1090.0,491.0,521.0,440.0,818.0,960.0,1028.0,454.0,964.0,1130.0,965.0,0.015659955257270694,0.42676767676767674,0.06871794871794872,0.10717756125745202,41.733346640000036
-73.957215,40.814255,1376.0,455.0,539.0,435.0,874.0,1502.0,1754.0,2446.0,1846.0,1544.0,1219.0,0.6980215203054495,-0.22606516290726816,-0.6388609715242881,0.3299973050444668,40.72161272000005
-73.964235,40.79894167,1446.0,864.0,1048.0,1070.0,2003.0,2513.0,2570.0,1974.0,2485.0,2691.0,2520.0,0.29697766097240474,0.1536977491961415,-0.3064195896757114,0.12311616505650877,44.1533048
-73.91369,40.82690167,869.0,801.0,911.0,985.0,1116.0,1552.0,1652.0,1410.0,1738.0,1733.0,1587.0,0.17745302713987474,0.10276805599745466,-0.21499353726841877,0.23358505697196508,46.617697220000025
-73.953395,40.82254333,1444.0,1368.0,1442.0,1692.0,1965.0,1873.0,2074.0,1824.0,1927.0,2428.0,2453.0,0.03754266211604096,0.14205079962370648,-0.11696264543784446,0.1519467954502957,43.46286476
-73.95733167,40.77728833,1129.0,754.0,880.0,1094.0,1468.0,1462.0,1456.0,1128.0,1457.0,1672.0,1681.0,0.0153015301530153,0.19428571428571428,-0.12350597609561753,0.11574239886938927,43.671363980000024
-73.91549333,40.80421833,619.0,609.0,859.0,796.0,1185.0,1843.0,2044.0,2272.0,2219.0,1812.0,1377.0,0.4810951760104302,-0.11263467189030363,-0.45129351644841903,0.26888199904751725,44.31395173999999
-73.880915,40.81152667,1397.0,1982.0,2186.0,2380.0,2170.0,2212.0,2150.0,2512.0,2286.0,2323.0,2112.0,0.02698282910874898,-0.0390899689762151,-0.06939123031077055,0.09708493774231529,46.682639600000016
-73.91990833,40.83434333,2214.0,1376.0,1604.0,1630.0,1815.0,2167.0,2248.0,2214.0,2436.0,2480.0,2195.0,0.15192507804370448,0.056668086919471665,-0.15976951283394447,0.15424094182344825,42.84420313999999
-73.92032667,40.833665,1745.0,2720.0,2974.0,3024.0,2058.0,2231.0,2225.0,3250.0,2366.0,2824.0,2821.0,0.036021676761236854,-0.07013500164636154,-0.04434447300771208,0.13372768866925105,40.424244980000026
-73.91376333,40.82685167,869.0,865.0,971.0,1001.0,1116.0,1552.0,1652.0,1694.0,1738.0,1733.0,1587.0,0.2571428571428571,0.011380215932302306,-0.27129455909943717,0.21374946276872986,46.54933682000001
-73.97042333,40.76511333,1182.0,2030.0,2440.0,2720.0,2811.0,2916.0,3201.0,3310.0,3379.0,3462.0,3114.0,0.0978441127694859,0.02244536326048435,-0.15130434782608695,0.13868836646737762,42.37251637999998
-73.94539667,40.79196833,1417.0,1362.0,1584.0,1588.0,2407.0,2635.0,2909.0,2292.0,2810.0,3155.0,2604.0,0.18144329896907216,0.1584358362401322,-0.1826625386996904,0.31563834820878794,45.24023516
-73.94658833,40.811645,954.0,1164.0,1362.0,1656.0,1580.0,1775.0,1855.0,1938.0,1899.0,1761.0,1520.0,0.07846410684474124,-0.047850770478507706,-0.17454545454545456,0.20374079284945795,42.509237180000014
-73.89910667,40.81815,1042.0,1268.0,1418.0,1450.0,1614.0,2011.0,2110.0,1878.0,2087.0,2313.0,1980.0,0.12860576923076922,0.10379384395132427,-0.1395631067961165,0.1307523969960799,44.33104184000001
-73.94311667,40.80235333,1282.0,891.0,972.0,988.0,1209.0,1710.0,1896.0,1892.0,1891.0,1934.0,1640.0,0.3138888888888889,0.01097752221641401,-0.32122905027932963,0.21181233769635474,44.10887054
-73.96771833,40.801715,841.0,486.0,500.0,515.0,595.0,1520.0,1910.0,1936.0,1851.0,1414.0,848.0,0.5797633618931048,-0.15582089552238806,-0.5894909688013136,0.4752719447365061,43.24069345999999
-73.91312333,40.83861167,1174.0,1654.0,1808.0,1996.0,1616.0,1734.0,1774.0,2088.0,1659.0,2194.0,2176.0,0.022526934378060724,0.02475478748248482,-0.07186858316221766,0.07268499665015829,44.10203450000006
-73.888585,40.823425,1807.0,915.0,1094.0,1124.0,2251.0,3052.0,2922.0,2688.0,2903.0,3150.0,3062.0,0.41028331584470096,0.07913669064748201,-0.42147012162876785,0.14363731470061772,42.35200826000005
-73.92573667,40.82608167,1598.0,997.0,1128.0,1106.0,1857.0,2052.0,1993.0,2116.0,2081.0,2451.0,2561.0,0.31346989447548107,0.07335231005036129,-0.30456226880394577,0.09699708960545834,42.02387834000001
-73.95396167,40.79502333,385.0,334.0,551.0,276.0,806.0,2543.0,3195.0,4128.0,3532.0,1731.0,906.0,0.8746594005449592,-0.4091141833077317,-0.7644795896559093,0.7380554893075761,37.75135334000004
-73.925275,40.82094333,1139.0,957.0,1070.0,1072.0,1421.0,2235.0,2377.0,2198.0,2534.0,2052.0,1552.0,0.3443425076452599,-0.034352941176470586,-0.34516523867809057,0.35343670791710147,45.03515396
-73.88828333,40.814165,1474.0,1180.0,1390.0,1608.0,1927.0,2015.0,2047.0,1904.0,2141.0,3216.0,2754.0,0.08428246013667426,0.25625,-0.15604128718882818,0.1666243910687921,44.457508580000024
-73.90457167,40.81237833,1561.0,1356.0,1470.0,1666.0,1752.0,1678.0,1657.0,1676.0,1708.0,2049.0,1966.0,0.002992220227408737,0.10013422818791946,-0.06547997457088366,0.06744431888601327,45.69483181999999
-73.95648833,40.808055,697.0,325.0,494.0,327.0,896.0,2531.0,3206.0,3196.0,3332.0,1814.0,1021.0,0.8143627590122056,-0.2758483033932136,-0.7322493224932249,0.38754949439001213,42.30415598000002
-73.95703833,40.77775833,1091.0,1148.0,1294.0,1404.0,1429.0,1707.0,1767.0,1462.0,1526.0,1982.0,1946.0,0.020237264480111653,0.15098722415795587,-0.06095791001451379,0.10376531235883409,43.702126160000034
-73.91415667,40.81642667,1251.0,2172.0,2236.0,2640.0,2551.0,2727.0,2856.0,2886.0,2694.0,2895.0,2688.0,0.04451682953311618,0.0015568240788790867,-0.12690355329949238,0.14374340916519177,48.480518120000056
-73.88502167,40.81249667,1613.0,2216.0,2400.0,2622.0,2494.0,2557.0,2834.0,2836.0,2735.0,3140.0,2779.0,0.03920850128252107,0.050870147255689425,-0.08326967150496563,0.09856057682650272,47.697791540000026
-73.91440167,40.83907,1433.0,1102.0,1078.0,1236.0,2104.0,2188.0,2185.0,1550.0,2352.0,2694.0,2563.0,0.11270638908829864,0.2695570216776626,-0.1796042617960426,0.26057043730158047,44.66600779999999
-73.91688333,40.81158333,1706.0,1158.0,1272.0,1344.0,1949.0,2236.0,2435.0,1606.0,2519.0,2365.0,1921.0,0.0888135593220339,0.19113573407202217,-0.11605281445448228,0.31500157084511465,44.228501240000014
-73.95503667,40.768995,1199.0,1326.0,1380.0,1534.0,1616.0,1711.0,1601.0,1548.0,1770.0,1858.0,1697.0,0.004542504866969501,0.091015854374633,-0.05737704918032787,0.09436973185302377,44.768548399999986
-73.89778667,40.80872333,1376.0,1222.0,1246.0,1418.0,1593.0,1952.0,2313.0,2228.0,2233.0,2258.0,1977.0,0.22216127262753702,0.006687472135532769,-0.282671272308578,0.14175672180552595,42.72457244000003
-73.88768667,40.816435,1289.0,1394.0,1468.0,1586.0,1730.0,1878.0,2098.0,1816.0,2159.0,2044.0,2040.0,0.06760728982951206,0.05906735751295337,-0.10596833130328867,0.14270895971136494,43.86960914000002
-73.91684167,40.81832667,1290.0,2530.0,2336.0,2448.0,1482.0,1869.0,1893.0,2666.0,2052.0,2420.0,2135.0,0.04262807978099335,-0.048368069209594966,-0.06597361055577769,0.11748457784734377,46.06055995999998
-73.928015,40.82156,1025.0,1144.0,1432.0,1418.0,1629.0,2054.0,2037.0,2492.0,2183.0,2255.0,1999.0,0.2746803069053708,-0.04992626922266695,-0.2701325178389399,0.1926223867129552,41.719674560000044
-73.90333667,40.83239167,1292.0,1270.0,1432.0,1488.0,1494.0,1919.0,1893.0,1960.0,1946.0,1888.0,1613.0,0.1368909512761021,-0.018711018711018712,-0.15566037735849056,0.20022753128555174,44.71386008000002
-73.956075,40.77899667,1151.0,1780.0,1876.0,2080.0,1612.0,1577.0,1810.0,2140.0,1498.0,2002.0,1926.0,0.014218009478672985,-0.03331723804925157,-0.06573705179282868,0.09354122655571417,42.00337022000002
-73.92338333,40.82285333,1297.0,1026.0,1086.0,1084.0,1398.0,1842.0,2044.0,2110.0,2068.0,2256.0,1869.0,0.32122730118973075,0.03344021988089785,-0.32040050062578224,0.18279461739074218,46.03663382000002
-73.88873167,40.82591333,1117.0,873.0,1044.0,1006.0,1390.0,2075.0,2251.0,1902.0,2255.0,1923.0,1561.0,0.3081155433287483,0.005490196078431373,-0.29124236252545826,0.3116725295810681,45.096678320000024
-73.95734167,40.822095,934.0,1722.0,1612.0,1772.0,1933.0,1990.0,2185.0,2260.0,2300.0,2301.0,2194.0,0.12103174603174603,0.008989256741942557,-0.16735537190082644,0.1043142685841193,38.605858340000054
-73.94967,40.80212,1041.0,1180.0,1230.0,1278.0,1376.0,1422.0,1456.0,1464.0,1482.0,1575.0,1413.0,0.06783369803063458,0.03652517275419546,-0.08685968819599109,0.1312297669957236,46.535664740000016
-73.95110833,40.77415333,1229.0,955.0,1007.0,1214.0,1506.0,1685.0,1795.0,1244.0,1738.0,1966.0,1809.0,0.012205044751830757,0.22492211838006232,-0.10528653931585961,0.138799922824619,42.734826500000054
-73.916905,40.81819833,1290.0,1390.0,1428.0,1608.0,1482.0,1869.0,1893.0,1760.0,2052.0,2420.0,2135.0,0.04513064133016627,0.15789473684210525,-0.10414052697616061,0.11748457784734377,46.06055995999998
-73.92789,40.82876667,1139.0,1144.0,1338.0,1578.0,1639.0,1897.0,1903.0,1718.0,2045.0,2060.0,1819.0,0.04247572815533981,0.09052408681842244,-0.1243455497382199,0.1603466333806799,45.76661023999998
-73.90241833,40.83191,1096.0,937.0,1072.0,1046.0,1241.0,1404.0,1463.0,1484.0,1420.0,1600.0,1421.0,0.17312252964426877,0.03761348897535668,-0.16118935837245696,0.1772610262570793,45.44189834000002
-73.94677167,40.80067333,1214.0,967.0,1078.0,1142.0,1454.0,1692.0,1860.0,1594.0,1877.0,1891.0,1583.0,0.1652046783625731,0.08522238163558106,-0.19311377245508982,0.12930116270911868,44.09861648000003
-73.91132167,40.83815,1108.0,1064.0,1142.0,1276.0,1232.0,2201.0,2401.0,2552.0,2581.0,2163.0,1646.0,0.3333333333333333,-0.08250265111346766,-0.38170005414185165,0.22046924518363079,42.97750592
-73.88640667,40.81517667,1127.0,1126.0,1214.0,1388.0,1452.0,1945.0,1952.0,1692.0,1964.0,2186.0,2057.0,0.0987012987012987,0.12738525012893243,-0.16448726772195457,0.2331059162586136,44.601065420000054
-73.88276167,40.80516833,1439.0,1436.0,1538.0,1572.0,1767.0,2120.0,2200.0,2680.0,2327.0,2457.0,2307.0,0.2605832549388523,-0.04341055090519758,-0.2707444286391655,0.27961550763429466,46.48781245999999
-73.970955,40.76449167,977.0,1462.0,1726.0,1976.0,2064.0,2212.0,2209.0,2304.0,2521.0,2392.0,1922.0,0.07663551401869159,0.018739352640545145,-0.143424317617866,0.1549427535692645,41.27874998000004
-73.93840833,40.85323,999.0,623.0,702.0,616.0,1320.0,2255.0,2507.0,2598.0,2623.0,1843.0,1297.0,0.6166770379589297,-0.17000675523530737,-0.5745454545454546,0.40578327219265325,42.79976887999999
-73.95042167,40.828105,1210.0,695.0,807.0,766.0,1617.0,2317.0,2352.0,2720.0,2483.0,2277.0,1829.0,0.5605278255880666,-0.08865319191514909,-0.5423872979869577,0.28404361334193096,40.00382852000001
-73.92029667,40.82235,914.0,1350.0,1366.0,1854.0,1680.0,1598.0,1625.0,1830.0,1694.0,1824.0,1699.0,-0.006514657980456026,-0.0016420361247947454,-0.14518147684605756,0.17354175712838324,44.67284384000004
-73.95137667,40.82775167,828.0,487.0,741.0,566.0,1048.0,2378.0,3101.0,3274.0,3237.0,1764.0,1042.0,0.7052083333333333,-0.2997221119491862,-0.6308841843088419,0.659814339907088,39.51505166000004
-73.89914,40.81825833,1042.0,1226.0,1360.0,1528.0,1429.0,2124.0,2350.0,2142.0,2423.0,1916.0,1585.0,0.1673024523160763,-0.055692459339576145,-0.22330097087378642,0.2873908892013202,44.290025600000035
-73.94485333,40.79999167,1321.0,1306.0,1404.0,1436.0,1548.0,1463.0,1617.0,1636.0,1617.0,1851.0,1685.0,0.06510416666666667,0.06165758531689131,-0.07631578947368421,0.15772370354546567,44.40282026
-73.95094,40.77068333,1406.0,1326.0,1454.0,1672.0,1811.0,1884.0,1985.0,1758.0,2046.0,2220.0,1930.0,0.02507288629737609,0.11613876319758673,-0.09464508094645081,0.08811236433283677,45.342775759999995
-73.928,40.828835,1139.0,1140.0,1294.0,1428.0,1639.0,1897.0,1903.0,1774.0,2045.0,2060.0,1819.0,0.1080574640849469,0.07459572248304643,-0.15645371577574968,0.1603466333806799,45.76661023999998
-73.93497,40.85694833,1172.0,1218.0,1250.0,1444.0,2234.0,2179.0,2410.0,2076.0,2396.0,2954.0,2757.0,0.17954545454545454,0.1745526838966203,-0.24834636199639207,0.10991825234309419,42.78951482000002
-73.900165,40.84130833,1424.0,1234.0,1412.0,1562.0,1657.0,1749.0,1829.0,1882.0,1846.0,2002.0,1778.0,0.09291521486643438,0.030895983522142123,-0.14268366727383122,0.212162203240417,50.10065960000003
-73.93549,40.799435,691.0,881.0,978.0,1015.0,1168.0,1900.0,2169.0,2012.0,2357.0,1998.0,1418.0,0.32936901222332343,-0.003491271820448878,-0.345819397993311,0.34639532895219016,44.44725452
-73.94836,40.80914,1353.0,1976.0,2116.0,2226.0,2075.0,1891.0,2021.0,2312.0,1951.0,2444.0,2384.0,0.01895107977082415,0.027754415475189236,-0.044263775971093045,0.09956086471526818,45.141112580000026
-73.95611333,40.77655,1114.0,1122.0,1268.0,1318.0,1606.0,1747.0,1868.0,1482.0,2012.0,2094.0,2075.0,0.05857142857142857,0.17114093959731544,-0.07781818181818181,0.15823913885114363,42.423786680000035
-73.958805,40.81604167,1489.0,1280.0,1470.0,1686.0,1729.0,1679.0,1790.0,1894.0,1781.0,2048.0,1842.0,0.05810055865921788,0.03906646372399797,-0.12604042806183116,0.08041579073709014,42.90572750000001
-73.95662833,40.76301,648.0,1232.0,1456.0,1602.0,1482.0,1743.0,1657.0,1780.0,1875.0,1529.0,1310.0,0.05263157894736842,-0.07585373224539135,-0.10012360939431397,0.4019855455393225,40.85491550000006
-73.89142667,40.80950667,1551.0,1730.0,1960.0,2032.0,2209.0,2272.0,2329.0,2354.0,2265.0,3136.0,3153.0,0.07341541267669859,0.1424408014571949,-0.09133055169216504,0.11220629352237377,48.83941021999999
-73.91336167,40.81802,908.0,950.0,1106.0,1078.0,1509.0,2072.0,2187.0,2298.0,2559.0,1928.0,1566.0,0.3613744075829384,-0.08755324183625178,-0.3501762632197415,0.25594430747787517,48.54546049999999
-73.915845,40.84339167,1630.0,1802.0,2172.0,2366.0,2927.0,2988.0,3042.0,2744.0,3061.0,3413.0,3056.0,0.07397260273972603,0.10865681338314113,-0.11635475996745322,0.08652409224928302,44.77880246000001
-73.94817,40.80934833,1303.0,1246.0,1368.0,1598.0,1862.0,1914.0,1915.0,1718.0,2037.0,2498.0,2424.0,0.03618817852834741,0.18500948766603414,-0.11341542449773169,0.13324088615631366,44.94970346000002
-73.90655833,40.80691833,1128.0,1344.0,1420.0,1488.0,1516.0,1485.0,1589.0,1510.0,1535.0,1866.0,1751.0,0.00733822548365577,0.10545023696682465,-0.030716723549488054,0.03492676081045519,45.46240646000001
-73.90327333,40.83221833,1292.0,1236.0,1278.0,1270.0,1656.0,1813.0,1933.0,1816.0,1988.0,2122.0,1741.0,0.17692806221646143,0.07770441848654139,-0.17388493859082094,0.07254178566925597,44.87792504000004
-73.92103167,40.84225833,1339.0,1562.0,1784.0,1748.0,1546.0,1938.0,2112.0,2142.0,1927.0,2293.0,2219.0,0.1012853470437018,0.03404735062006765,-0.0911869587366276,0.13119273805226822,44.75829434000002
-73.91189833,40.82040167,990.0,1324.0,1592.0,1412.0,1684.0,3055.0,3413.0,3060.0,3472.0,2634.0,2003.0,0.3685152057245081,-0.07481559536354057,-0.31556319862424764,0.2658949205648256,44.79247454000006
-73.90588333,40.80402167,1410.0,1078.0,1026.0,1360.0,1421.0,1535.0,1578.0,1638.0,1532.0,1856.0,1751.0,0.09272848565710473,0.06239267315397825,-0.22972972972972974,0.12044745936952603,48.95562289999998
-73.90573167,40.826655,1471.0,1278.0,1402.0,1558.0,2131.0,2485.0,2569.0,2468.0,2642.0,2801.0,2709.0,0.2260307998012916,0.06319984816853293,-0.27545219638242896,0.16087235963739746,43.34665208000001
-73.96764,40.802315,872.0,448.0,518.0,554.0,783.0,1162.0,1446.0,1644.0,1273.0,1166.0,1009.0,0.4959053685168335,-0.1701067615658363,-0.5208140610545791,0.34681070316208723,43.736306360000015
-73.91044667,40.82497833,1112.0,821.0,954.0,961.0,1315.0,1670.0,1883.0,1706.0,1891.0,1871.0,1621.0,0.2793400824896888,0.04612804025719877,-0.28270676691729324,0.18224369144309477,47.69437352
-73.89537667,40.810705,1739.0,1538.0,1988.0,2078.0,2083.0,2225.0,2100.0,1918.0,2027.0,2700.0,2435.0,-0.04004004004004004,0.1693373754872239,0.017921146953405017,0.06962986074027852,49.417055600000026
-73.91118,40.82158833,996.0,1786.0,1926.0,2164.0,2266.0,2370.0,2692.0,2968.0,2538.0,2640.0,2399.0,0.15666406858924395,-0.05848787446504993,-0.21291377196567224,0.3294153804637078,45.11718644000001
-73.90675333,40.83162167,859.0,739.0,913.0,892.0,898.0,1720.0,1612.0,1986.0,1653.0,1596.0,1190.0,0.3801250868658791,-0.10887772194304858,-0.3701276302173163,0.27005745562793076,45.99219956000002
-73.9144,40.81598167,1607.0,2300.0,2306.0,2340.0,2087.0,2322.0,2283.0,3134.0,2517.0,2720.0,2091.0,0.14504932407745708,-0.07072087461564742,-0.15220588235294116,0.17542778264908362,47.77982401999998
-73.95602333,40.77648833,1114.0,1434.0,1598.0,1654.0,1606.0,1747.0,1868.0,2246.0,2012.0,2094.0,2075.0,0.1517948717948718,-0.035023041474654376,-0.16857440166493237,0.1948244143183963,42.36909836000001
-73.95771833,40.82165333,1088.0,1976.0,2054.0,2254.0,1872.0,1878.0,1959.0,2436.0,2023.0,2381.0,2400.0,0.03880597014925373,-0.01141789495536641,-0.08507795100222718,0.12809333146267493,39.491125520000026
-73.95971333,40.81915833,1022.0,1052.0,1176.0,1198.0,1926.0,1719.0,2095.0,1252.0,1819.0,2214.0,2185.0,0.022040816326530613,0.2775533756491633,-0.03130148270181219,0.05441047351629525,41.95551794000005
-73.93966333,40.80439,1203.0,1182.0,1268.0,1390.0,1517.0,2087.0,2127.0,2298.0,2198.0,2001.0,1757.0,0.24620390455531455,-0.06908583391486392,-0.28883903533370725,0.13068957212812077,45.041990000000055
-73.91657,40.83409167,1453.0,1090.0,1254.0,1370.0,1605.0,1588.0,1748.0,1420.0,1838.0,2101.0,1950.0,0.017921146953405017,0.1934109627946606,-0.06207928197456993,0.09424430850305023,43.35348812000001
-73.88372333,40.814715,2015.0,1880.0,2026.0,2092.0,1716.0,2098.0,2160.0,2168.0,2193.0,2916.0,2945.0,0.01784037558685446,0.14712824547600314,-0.03385789222699094,0.14290743935499764,47.55765272000002
-73.92625333,40.82550667,1646.0,1836.0,1998.0,1978.0,2213.0,2343.0,2379.0,2322.0,2310.0,3088.0,3126.0,0.08,0.14158964879852126,-0.075,0.13205604184168449,42.29731994000002
-73.958745,40.77490333,930.0,1188.0,1294.0,1322.0,1444.0,1597.0,1594.0,1528.0,1536.0,1685.0,1470.0,0.07228070175438596,0.04886399004046063,-0.08291991495393337,0.12381947257338995,43.35348812000001
-73.896195,40.812295,1178.0,1144.0,1208.0,1272.0,1470.0,1584.0,1661.0,1368.0,1639.0,1764.0,1647.0,0.03636363636363636,0.12643678160919541,-0.062111801242236024,0.11105869031892822,47.22268675999999
-73.90958667,40.81901,1534.0,976.0,1178.0,1252.0,2519.0,3322.0,3080.0,2266.0,3356.0,3011.0,2354.0,0.28823194997157475,0.14117870001895017,-0.3159117305458769,0.2397134904024811,44.327623819999985
-73.95390833,40.81774,814.0,724.0,709.0,572.0,1020.0,2014.0,2470.0,2086.0,2410.0,1581.0,1201.0,0.5696012039127163,-0.13771475320425416,-0.4926654740608229,0.5191426031543095,42.00337022000002
-73.94762833,40.80501833,1279.0,1072.0,1132.0,1290.0,1422.0,1318.0,1335.0,1366.0,1390.0,1486.0,1262.0,0.0286144578313253,0.04207573632538569,-0.09367493995196156,0.20555019822136505,43.74997844000001
-73.92711167,40.83684667,963.0,1248.0,1358.0,1410.0,1464.0,1639.0,1729.0,1650.0,1674.0,1890.0,1679.0,0.0784313725490196,0.06779661016949153,-0.09707446808510638,0.15306398069165017,42.898891460000016
-73.950715,40.770995,1006.0,1394.0,1578.0,1836.0,2073.0,2179.0,2155.0,1766.0,2222.0,2564.0,2331.0,-0.01943364797334814,0.18429561200923789,-0.056220095693779906,0.10434287701769095,45.096678320000024
-73.95317667,40.81086667,1360.0,1226.0,1276.0,1380.0,1431.0,1700.0,1785.0,1788.0,1812.0,1935.0,1665.0,0.12878787878787878,0.0394842868654311,-0.1671018276762402,0.09698092239303582,44.618155520000016
-73.95087,40.828295,607.0,524.0,796.0,597.0,1002.0,3021.0,3801.0,3408.0,4001.0,2013.0,1086.0,0.7018726591760299,-0.25733259546209186,-0.621313035204567,0.6412038554848861,38.40077714000006
-73.95641667,40.80816,697.0,735.0,874.0,814.0,1138.0,2201.0,2566.0,2664.0,2639.0,1799.0,1182.0,0.5319148936170213,-0.19381581895585928,-0.5059355568117581,0.5376656702564734,41.72992862000001
-73.90501167,40.81243,1556.0,1032.0,1146.0,1336.0,1847.0,2273.0,2208.0,1628.0,2309.0,2767.0,2577.0,0.09851551956815115,0.25915813424345846,-0.17375630857966834,0.15765690540978616,44.92235930000004
-73.91447333,40.83909667,1433.0,1102.0,1078.0,1236.0,2104.0,2188.0,2185.0,1550.0,2352.0,2694.0,2563.0,0.11270638908829864,0.2695570216776626,-0.1796042617960426,0.26057043730158047,44.66600779999999
-73.95641333,40.76700667,1333.0,857.0,906.0,861.0,1652.0,1695.0,1789.0,1015.0,1814.0,2038.0,1801.0,0.08208955223880597,0.3350802489354733,-0.05674128058302967,0.19095541868309154,41.818797140000015
-73.94682833,40.79254,1396.0,1326.0,1432.0,1588.0,2009.0,2087.0,2179.0,1720.0,2110.0,2503.0,2517.0,0.03990326481257558,0.18541321335543454,-0.09137055837563451,0.15918319602961087,45.73584806000002
-73.90144833,40.83526833,1160.0,1120.0,1228.0,1336.0,1435.0,1733.0,1721.0,2042.0,1947.0,1853.0,1597.0,0.20899940793368857,-0.048523748395378694,-0.2489296636085627,0.22002519002615895,44.748040280000055
-73.93510667,40.856515,1372.0,2684.0,2610.0,2692.0,2278.0,2900.0,3024.0,2964.0,3030.0,3114.0,2765.0,0.04809052333804809,0.024679170779861797,-0.06350914962325081,0.2081672864404796,40.96429214
-73.95026,40.82633333,1607.0,1336.0,1364.0,1410.0,1595.0,1753.0,1681.0,1616.0,1780.0,1960.0,1637.0,0.0680766688697951,0.09619686800894854,-0.08456375838926175,0.13613506682994206,44.09178043999998
-73.96389833,40.803115,1247.0,1662.0,1556.0,1866.0,2018.0,2164.0,2210.0,2160.0,2314.0,2883.0,2680.0,0.07302533532041729,0.14336704342653184,-0.16254036598493002,0.1578704542833132,43.55173328000001
-73.92680833,40.820025,1626.0,1242.0,1424.0,1486.0,1451.0,1654.0,1534.0,1830.0,1550.0,1714.0,1469.0,0.1037394451145959,-0.0327313769751693,-0.12476951444376153,0.15603627771322506,45.35644783999999
-73.949935,40.82212667,1542.0,1280.0,1406.0,1544.0,1922.0,1936.0,2132.0,1702.0,1907.0,2309.0,2198.0,0.04867529266789895,0.1513338319621042,-0.09523809523809523,0.11150464093795809,43.00485007999998
-73.94524667,40.791905,1242.0,624.0,699.0,794.0,1597.0,1913.0,2195.0,1896.0,2117.0,2222.0,1880.0,0.4096654275092937,0.07916464303059738,-0.461271676300578,0.21120769510089443,45.08300624000003
-73.95747833,40.81447167,1299.0,477.0,672.0,556.0,876.0,1817.0,2128.0,2916.0,2256.0,1589.0,1165.0,0.6797235023041475,-0.29456159822419536,-0.6254180602006689,0.48946296307832227,40.39006477999999
-73.938315,40.85225667,1073.0,594.0,698.0,661.0,1055.0,2206.0,3032.0,2790.0,2826.0,1744.0,1141.0,0.6169226311214141,-0.23070136744596384,-0.5997706422018348,0.23888056743721595,43.38425030000002
-73.886315,40.81508167,1127.0,1012.0,1076.0,1202.0,2674.0,2879.0,2788.0,1594.0,3023.0,3927.0,3868.0,0.1402002861230329,0.4225683752943307,-0.1940074906367041,0.2331059162586136,44.601065420000054
-73.90274667,40.80809,892.0,783.0,925.0,891.0,1250.0,1815.0,1974.0,2128.0,2076.0,1834.0,1535.0,0.40973832394832727,-0.07420494699646643,-0.3940386505076974,0.14929659322062866,45.862314800000036
-73.94783333,40.80122333,1290.0,1005.0,1048.0,1144.0,1415.0,1682.0,1747.0,1438.0,1733.0,1920.0,1797.0,0.11386522075910147,0.14353782013103036,-0.1568785197103781,0.15339642677931695,44.57372126000001
-73.91785333,40.82135,1154.0,995.0,1266.0,1250.0,1322.0,1588.0,1611.0,1880.0,1849.0,1742.0,1403.0,0.2012779552715655,-0.03810049696300387,-0.19516846789574063,0.4374154795782067,42.70748234000001
-73.90180167,40.82991833,1530.0,505.0,637.0,677.0,1472.0,2015.0,1981.0,1832.0,2045.0,2255.0,1970.0,0.4603427660422479,0.10349889894788353,-0.4840016200891049,0.19352016847561954,45.17187476000004
-73.92715333,40.83694667,963.0,987.0,1174.0,1222.0,1438.0,1684.0,1758.0,2020.0,1842.0,1896.0,1673.0,0.2461443553362122,-0.031664964249233915,-0.2648716343143394,0.15306398069165017,42.898891460000016
-73.90709,40.813395,1256.0,1426.0,1520.0,1672.0,1766.0,1934.0,2022.0,1940.0,2022.0,2472.0,2238.0,0.07419712070874862,0.12058023572076156,-0.12138728323699421,0.1985692958447375,46.59377108000001
-73.90569167,40.81255667,1678.0,1404.0,1576.0,1986.0,2647.0,3048.0,2840.0,2154.0,2848.0,2945.0,2440.0,0.04057971014492753,0.15512845656010982,-0.1549597855227882,0.1166539582446472,44.69676998
-73.94996833,40.77214333,1013.0,1242.0,1362.0,1470.0,1842.0,1858.0,1881.0,1860.0,1968.0,2119.0,1945.0,0.11711711711711711,0.06509173159085198,-0.15456238361266295,0.17522958353507045,42.129836960000034
-73.95628833,40.81817667,1141.0,904.0,1082.0,1262.0,1469.0,1353.0,1346.0,1376.0,1411.0,1592.0,1454.0,0.043214556482183475,0.07277628032345014,-0.11960943856794141,0.06509668125283209,45.917003120000004
-73.94262,40.80300167,739.0,1124.0,1126.0,1102.0,1081.0,2276.0,2758.0,2554.0,2886.0,1859.0,1208.0,0.3971553610503282,-0.15748923634715614,-0.38804347826086955,0.29039890415507863,42.97750592
-73.885985,40.80516167,1148.0,898.0,1056.0,1038.0,1487.0,1767.0,1888.0,2096.0,1972.0,2060.0,1667.0,0.3375877472878111,-0.008662175168431183,-0.3299492385786802,0.27984830357344426,43.63376576000002
-73.95663667,40.80783667,697.0,577.0,762.0,791.0,1175.0,2112.0,2393.0,2588.0,2551.0,1771.0,1193.0,0.5318141461970998,-0.18742830924523973,-0.5450746268656717,0.5492730946268249,42.54341738000005
-73.89108,40.80955,1417.0,1218.0,1450.0,1600.0,1805.0,1845.0,1759.0,1718.0,1724.0,2216.0,2161.0,0.03556359252561784,0.1265887137773259,-0.0845959595959596,0.0762024465457521,48.81890210000006
-73.90856667,40.819325,1195.0,3296.0,3396.0,3604.0,3895.0,4184.0,3879.0,4156.0,4020.0,3685.0,3337.0,0.0711340206185567,-0.060068868766738934,-0.10063559322033898,0.21228126551955825,44.652335719999996
-73.95634833,40.80825667,697.0,618.0,749.0,701.0,1138.0,2201.0,2566.0,2938.0,2639.0,1799.0,1182.0,0.6147293212420994,-0.24044754063753432,-0.5937076213723895,0.5376656702564734,41.72992862000001
-73.905805,40.80397833,1264.0,2086.0,2144.0,2138.0,1801.0,2110.0,2180.0,2902.0,2233.0,2464.0,2224.0,0.15158730158730158,-0.08162504658963847,-0.15021799445105033,0.12044745936952603,48.95562289999998
-73.99316333,40.77099333,1089.0,996.0,1088.0,1182.0,1360.0,1462.0,1473.0,1246.0,1454.0,1625.0,1577.0,0.026359143327841845,0.13200975269940787,-0.0676949443016281,0.08656112544310612,42.020460319999984
-73.91834667,40.83135333,1521.0,2192.0,2296.0,2576.0,2911.0,2831.0,2981.0,2896.0,3029.0,3074.0,3076.0,0.05847953216374269,0.02981574539363484,-0.11556240369799692,0.16849676418921625,44.16355886000002
-73.88836667,40.81414167,1474.0,1180.0,1390.0,1608.0,1927.0,2015.0,2047.0,1904.0,2141.0,3216.0,2754.0,0.08428246013667426,0.25625,-0.15604128718882818,0.1666243910687921,44.457508580000024
-73.94795,40.8254,1277.0,1007.0,1140.0,1216.0,1314.0,1508.0,1478.0,1406.0,1592.0,1926.0,1753.0,0.07246376811594203,0.15606242496998798,-0.1044776119402985,0.09668781652017004,45.195800899999995
-73.94740833,40.80539333,1069.0,863.0,907.0,1094.0,1470.0,1586.0,1710.0,1504.0,1754.0,1848.0,1558.0,0.1578137028483449,0.1026252983293556,-0.2476150974699295,0.13415311117465975,44.53954106000003
-73.89838333,40.81538333,1368.0,1224.0,1338.0,1508.0,2009.0,1978.0,2190.0,1806.0,2048.0,2468.0,1985.0,0.08992154496077248,0.15489003275620028,-0.14885496183206107,0.15703467794087989,45.0932603
-73.88806167,40.81696333,1407.0,997.0,1176.0,1164.0,1555.0,1936.0,1961.0,1876.0,2092.0,2163.0,1895.0,0.23421052631578948,0.07105719237435008,-0.22935779816513763,0.16305626044438948,43.87644518000002
-73.92751,40.83609333,1303.0,763.0,761.0,728.0,1092.0,2216.0,2731.0,2642.0,2675.0,1843.0,1298.0,0.5679525222551929,-0.17814938684503903,-0.5527475756685277,0.269948957035489,43.685036060000016
-73.92344167,40.82275167,1297.0,1140.0,1314.0,1456.0,1733.0,1872.0,2190.0,1918.0,2054.0,2276.0,1962.0,0.13692946058091288,0.08536003814973772,-0.18688118811881188,0.18279461739074218,46.03663382000002
-73.92994333,40.82993833,799.0,1068.0,1188.0,1194.0,1403.0,1811.0,1826.0,1550.0,2066.0,1823.0,1491.0,0.12973760932944606,0.08093685146753632,-0.13221329437545654,0.34468004781979483,41.90766566000002
-73.892005,40.82039667,1954.0,931.0,1078.0,1200.0,2452.0,2537.0,2572.0,1724.0,2733.0,2892.0,2777.0,0.17920656634746923,0.2530329289428076,-0.2305496074232691,0.10993398220389843,45.421390220000035
-73.958745,40.81598,1489.0,1344.0,1548.0,1810.0,1777.0,1824.0,1835.0,2066.0,1934.0,2201.0,1931.0,0.06604747162022703,0.03163815326927584,-0.14333148865522966,0.08559932793916084,43.36374218000003
-73.89825,40.817515,1058.0,886.0,1064.0,1110.0,1482.0,1638.0,1797.0,1582.0,1714.0,2076.0,1887.0,0.17533432392273401,0.13504647348277748,-0.19576719576719576,0.17627135387633266,44.454090560000054
-73.8973,40.83765167,389.0,763.0,1016.0,967.0,1220.0,2230.0,2512.0,2534.0,2602.0,1967.0,1238.0,0.4475864038846044,-0.12597200622083982,-0.4276056338028169,0.5986854625034768,37.12243766000006
-73.907355,40.83061667,1218.0,732.0,837.0,751.0,1438.0,2052.0,2010.0,2014.0,2207.0,2080.0,1795.0,0.45678119349005425,0.01612115290669272,-0.41283760084180987,0.19246085690981493,45.65039755999999
-73.99219333,40.77056833,1179.0,1244.0,1506.0,1560.0,1567.0,1667.0,1798.0,1792.0,1685.0,1853.0,1756.0,0.06921241050119331,0.01673525377229081,-0.08671922377198302,0.09035510672048494,43.24752950000004
-73.890005,40.809575,1546.0,1290.0,1352.0,1372.0,1558.0,1593.0,1645.0,1400.0,1663.0,2048.0,1914.0,0.010101010101010102,0.18793503480278423,-0.01744186046511628,0.09345671287911207,48.767631800000004
-73.88873667,40.825195,1000.0,2500.0,2808.0,2884.0,2454.0,2910.0,2864.0,3864.0,3086.0,2728.0,2276.0,0.14522821576763487,-0.17233009708737865,-0.15827338129496402,0.18975055607692262,43.37741426000002
-73.96696,40.80363167,1171.0,789.0,949.0,894.0,1413.0,1648.0,1692.0,1722.0,1647.0,1679.0,1403.0,0.3165137614678899,-0.012643340194060571,-0.2894047173343317,0.16393852751965698,44.70702404000002
-73.94979667,40.77238,1013.0,979.0,1130.0,1208.0,1222.0,1483.0,1478.0,1366.0,1535.0,1726.0,1623.0,0.061383061383061384,0.11642949547218628,-0.09455128205128205,0.1152934742982137,41.51459336000005
-73.967625,40.80240833,872.0,590.0,505.0,578.0,783.0,1162.0,1446.0,1562.0,1273.0,1166.0,1009.0,0.45981308411214955,-0.14516129032258066,-0.5113691340106434,0.34681070316208723,43.736306360000015
-73.91402,40.8267,1039.0,786.0,910.0,875.0,1404.0,1736.0,1923.0,2014.0,1887.0,2031.0,1890.0,0.39425406715126343,0.004202719406674907,-0.37756497948016415,0.22562363001425198,46.09132213999999
-73.92663333,40.83859667,1077.0,778.0,824.0,794.0,1272.0,1782.0,1946.0,2114.0,2028.0,1695.0,1370.0,0.45392022008253097,-0.11000262536098714,-0.43907420013614706,0.28450123392648397,41.67524030000004
-73.889,40.80629333,861.0,1080.0,1100.0,1174.0,1081.0,1204.0,1284.0,1410.0,1251.0,1314.0,1289.0,0.0913312693498452,-0.03524229074889868,-0.12350597609561753,0.11170485023442468,48.29252702000002
-73.90162333,40.840655,1538.0,1348.0,1360.0,1506.0,1816.0,2086.0,2060.0,1918.0,2087.0,2039.0,1814.0,0.12032710280373832,0.030578721253474855,-0.17022574740695545,0.17026634465806642,49.08892567999999
-73.88382333,40.81513667,2015.0,2036.0,2280.0,2426.0,3018.0,2843.0,3098.0,2452.0,2871.0,3901.0,3721.0,0.005330053300533005,0.22808122147017157,-0.03634826711749789,0.025493526591929834,47.48245628000001
-73.95991167,40.81886667,1239.0,618.0,650.0,745.0,1182.0,1055.0,1066.0,776.0,1141.0,1293.0,1287.0,0.020381328073635765,0.24987916868052198,-0.08835904628330996,0.062306745108769886,41.13519314000001
-73.90819833,40.82002667,755.0,1170.0,1358.0,1430.0,1461.0,1832.0,1988.0,2000.0,1984.0,1822.0,1482.0,0.1661807580174927,-0.04657247514390372,-0.19118522930315665,0.3810989463215562,44.79247454000006
-73.92796333,40.82146167,1100.0,1956.0,2226.0,2302.0,2163.0,2367.0,2647.0,2608.0,2612.0,2673.0,2446.0,0.06232179226069246,0.01230827494792653,-0.0790235829540753,0.1926223867129552,41.719674560000044
-73.94582167,40.813665,1473.0,1062.0,1208.0,1294.0,1762.0,1966.0,2107.0,1498.0,2025.0,2185.0,2037.0,0.07306590257879657,0.186532717893022,-0.10716925351071692,0.21080412763326836,42.70064630000002
-73.91688167,40.81824167,1290.0,1390.0,1428.0,1608.0,1482.0,1869.0,1893.0,1760.0,2052.0,2420.0,2135.0,0.04513064133016627,0.15789473684210525,-0.10414052697616061,0.11748457784734377,46.06055995999998
-73.91344833,40.81805667,908.0,950.0,1106.0,1078.0,1509.0,2072.0,2187.0,2298.0,2559.0,1928.0,1566.0,0.3613744075829384,-0.08755324183625178,-0.3501762632197415,0.25594430747787517,48.54546049999999
-73.91319,40.83864333,1174.0,1486.0,1582.0,1776.0,1616.0,1734.0,1774.0,1792.0,1659.0,2194.0,2176.0,0.004484304932735426,0.10085298544907174,-0.06224066390041494,0.07268499665015829,44.10203450000006
-73.90831333,40.81979333,755.0,766.0,910.0,891.0,1200.0,1845.0,2006.0,2106.0,1968.0,1647.0,1337.0,0.40540540540540543,-0.1223021582733813,-0.39655172413793105,0.5282441661923735,44.79931058
-73.94402167,40.80110833,1372.0,754.0,1015.0,861.0,1718.0,2073.0,2534.0,2432.0,2528.0,2023.0,1668.0,0.4770725781961737,-0.09180695847362515,-0.41108210037713955,0.18438709192681926,45.571783100000005
-73.91057667,40.82469667,1112.0,1396.0,1476.0,1660.0,1566.0,1830.0,2209.0,2142.0,2066.0,1939.0,1762.0,0.126775381378222,-0.04974271012006861,-0.18407960199004975,0.2936909080097521,47.18508854000004
-73.96708833,40.80343833,1117.0,953.0,1112.0,1090.0,1438.0,1780.0,1850.0,1910.0,1966.0,1786.0,1520.0,0.2733333333333333,-0.03354978354978355,-0.2640635340833885,0.19320231652900402,44.77196642000001
-73.90664667,40.83186833,859.0,1112.0,1368.0,1382.0,1100.0,1875.0,1825.0,2026.0,1780.0,1783.0,1442.0,0.18896713615023475,-0.06379627198739826,-0.19387153800824986,0.31799557346348106,46.340837599999986
-73.906675,40.80724,1128.0,1178.0,1274.0,1290.0,1233.0,1318.0,1649.0,1670.0,1448.0,1587.0,1507.0,0.12837837837837837,-0.025483573840957938,-0.13451086956521738,0.10397115980397677,45.51709477999998
-73.95321333,40.82268,1444.0,1170.0,1412.0,1490.0,2240.0,2046.0,2356.0,1842.0,2371.0,3002.0,2759.0,0.1056422569027611,0.23947151114781173,-0.13214505224339274,0.09430350740031826,43.295381780000014
-73.95505833,40.768935,1199.0,948.0,984.0,1160.0,1367.0,1559.0,1500.0,1166.0,1525.0,1933.0,1890.0,0.0025795356835769563,0.24749919328815748,-0.08465116279069768,0.07565619435988744,43.21676732000003
-73.903065,40.83277167,1000.0,503.0,750.0,628.0,1191.0,2430.0,2728.0,2706.0,2759.0,2080.0,1606.0,0.6232753449310138,-0.13079816130380276,-0.5659722222222222,0.21442232247940377,44.1533048
-73.910895,40.82208667,1066.0,684.0,799.0,789.0,1115.0,2312.0,2427.0,3096.0,2675.0,1798.0,1374.0,0.5938223938223938,-0.26522272170004085,-0.5897304236200257,0.2407688110107319,46.03663382000002
-73.92321333,40.8232,1297.0,1036.0,1128.0,1194.0,1068.0,1216.0,1411.0,1700.0,1515.0,1564.0,1435.0,0.17484450587422254,-0.041666666666666664,-0.20226308345120225,0.22675192851751153,46.583517020000045
-73.913715,40.819245,2519.0,1850.0,1804.0,2364.0,2552.0,2826.0,2947.0,2324.0,3075.0,3207.0,2654.0,-0.008532423208191127,0.15964563370095824,-0.12596899224806202,0.057587890851019466,47.598668960000055
-73.92732,40.83648333,1194.0,1180.0,1432.0,1254.0,2893.0,2888.0,2808.0,1694.0,2552.0,3057.0,3079.0,0.14925373134328357,0.2868869711639655,-0.0838131797824696,0.3054489566930992,43.08346454000002
-73.91877,40.83076167,1785.0,2710.0,2518.0,2908.0,2158.0,2527.0,2746.0,2874.0,2701.0,3145.0,4212.0,-0.00588031822898651,0.04502409038046187,-0.06602373887240356,0.2454335321226567,43.38766831999999
-73.89753667,40.81623167,1914.0,1048.0,1282.0,1378.0,2680.0,2509.0,2707.0,1856.0,2684.0,3002.0,2942.0,0.14780457637600494,0.23589954713874023,-0.18291905672402806,0.1045590920351221,44.78222047999998
-73.91799833,40.82138167,1154.0,964.0,1108.0,1202.0,1322.0,1588.0,1611.0,1644.0,1849.0,1742.0,1403.0,0.15530569219957835,0.028942705256940343,-0.19476744186046513,0.4340574956588848,42.020460319999984
-73.94412833,40.80097333,1372.0,1178.0,1146.0,1224.0,1718.0,2073.0,2534.0,2798.0,2528.0,2023.0,1668.0,0.391347588264545,-0.16075503007674757,-0.41886409736308317,0.3210030717997301,45.37695596000003
-73.88917833,40.806535,915.0,997.0,1114.0,1236.0,1427.0,1523.0,1533.0,1190.0,1631.0,1667.0,1551.0,-0.018961253091508656,0.16695834791739586,-0.03298611111111111,0.06744595423168975,51.52597394000003
-73.90180333,40.84036333,1538.0,1678.0,1748.0,1638.0,1882.0,1981.0,2108.0,2194.0,2184.0,1968.0,1681.0,0.14509394572025053,-0.05430081691494474,-0.11314053779807204,0.13573031054433807,49.10259775999998
-73.90721167,40.81302833,1430.0,1764.0,1950.0,2008.0,1749.0,2116.0,2047.0,2420.0,2247.0,2344.0,2079.0,0.0930442637759711,-0.01595298068849706,-0.10755148741418764,0.17872211111032577,45.56494706000001
-73.88511833,40.804805,1408.0,1456.0,1610.0,1786.0,1967.0,2047.0,2257.0,2094.0,2396.0,2547.0,2575.0,0.07938144329896907,0.09760827407886231,-0.1306695464362851,0.09653460773385389,45.41455417999998
-73.91979,40.83454333,1668.0,1444.0,1788.0,1890.0,1842.0,2486.0,2479.0,2604.0,2842.0,2325.0,1860.0,0.1588785046728972,-0.05660377358490566,-0.18579234972677597,0.1503342476163336,44.12937866000004
-73.926155,40.83864667,1494.0,634.0,976.0,816.0,1076.0,1830.0,1917.0,2298.0,2101.0,1748.0,1264.0,0.47591522157996147,-0.13593672763222936,-0.403787416004887,0.14248277390629782,42.36226232000001
-73.95398833,40.79501,385.0,334.0,551.0,276.0,806.0,2543.0,3195.0,4128.0,3532.0,1731.0,906.0,0.8746594005449592,-0.4091141833077317,-0.7644795896559093,0.7380554893075761,37.75135334000004
-73.94895833,40.80662333,1374.0,680.0,892.0,846.0,1901.0,1940.0,2159.0,2100.0,2096.0,2320.0,2048.0,0.4256619144602851,0.049773755656108594,-0.4037433155080214,0.19235032342382588,44.474598679999986
-73.89815667,40.81745333,1526.0,833.0,883.0,990.0,1587.0,1836.0,1998.0,1530.0,2243.0,2488.0,2161.0,0.21428571428571427,0.2384270781483325,-0.2681309573145462,0.17627135387633266,44.454090560000054
-73.91352333,40.84501833,1066.0,735.0,840.0,796.0,1228.0,2132.0,2565.0,2226.0,2763.0,1847.0,1408.0,0.47319655857048315,-0.09305180456665849,-0.4520547945205479,0.3614215659437349,43.71921626000005
-73.88721,40.82098,1530.0,1094.0,1474.0,1554.0,2678.0,3527.0,3051.0,1746.0,2965.0,3495.0,3340.0,0.05818181818181818,0.3337149398969662,-0.084472049689441,0.11745075634321869,46.5630089
-73.95652667,40.817855,1224.0,833.0,972.0,1120.0,1260.0,1375.0,1384.0,1246.0,1338.0,1591.0,1462.0,0.05325443786982249,0.12160733168840324,-0.12353471596032461,0.07291229459512975,43.92771548000002
-73.95433667,40.79483167,298.0,339.0,563.0,432.0,820.0,2651.0,3367.0,3964.0,3608.0,1869.0,1017.0,0.8034576888080073,-0.3591633807646151,-0.7512701568367572,0.743128692525045,38.099991380000006
-73.957435,40.77713667,1129.0,1314.0,1508.0,1568.0,1359.0,1423.0,1426.0,1862.0,1492.0,1726.0,1612.0,0.08571428571428572,-0.0379041248606466,-0.10504451038575667,0.11574239886938927,43.671363980000024
-73.90859833,40.81925333,1195.0,3164.0,3416.0,3514.0,3895.0,4184.0,3879.0,3890.0,4020.0,3685.0,3337.0,0.050783360345759046,-0.02706270627062706,-0.06487818231590474,0.21228126551955825,44.652335719999996
-73.89488,40.81244,1591.0,1348.0,1456.0,1512.0,1747.0,1757.0,1875.0,1774.0,1769.0,2110.0,1955.0,0.07973219720024345,0.08650875386199794,-0.09845201238390093,0.08491977588182863,48.69585338000002
-73.96657,40.76173167,1201.0,1638.0,1706.0,1814.0,1522.0,1431.0,1484.0,1826.0,1409.0,1389.0,1248.0,0.0032967032967032967,-0.1359253499222395,-0.03397508493771234,0.05068457082675094,46.33741958000002
-73.94724833,40.82695167,1453.0,2806.0,2928.0,2890.0,2359.0,2173.0,2318.0,2752.0,2261.0,2944.0,3017.0,-0.02445941155618575,0.033707865168539325,0.030985915492957747,0.14875790986211274,44.67626186000001
-73.94679,40.78497667,811.0,952.0,1096.0,1120.0,1528.0,2419.0,2615.0,2044.0,2796.0,1944.0,1374.0,0.2920353982300885,-0.025075225677031094,-0.3019108280254777,0.24458467035954803,42.91256354000001
-73.888435,40.8219,997.0,1172.0,1324.0,1512.0,1797.0,1744.0,1856.0,1700.0,1951.0,2212.0,2009.0,0.058530510585305104,0.130879345603272,-0.12433862433862433,0.09896570663819837,44.77538444000004
-73.95447667,40.82236,1356.0,1001.0,1062.0,960.0,1715.0,2506.0,2944.0,3262.0,2891.0,2569.0,2121.0,0.5452392231170061,-0.11884753901560624,-0.5087881591119334,0.33019115270875876,41.86323140000002
-73.95979833,40.81788667,1766.0,1776.0,2110.0,2376.0,3338.0,3370.0,3539.0,2462.0,3204.0,3719.0,3488.0,0.017775940471269118,0.20336515127002103,-0.07699037620297462,0.05721940984673679,41.063414720000026
-73.89967667,40.83744,397.0,669.0,782.0,711.0,836.0,2010.0,2433.0,1950.0,2706.0,1649.0,980.0,0.46561443066516345,-0.08363434287302028,-0.42752562225475843,0.7402361062085737,38.39052307999998
-73.888725,40.82527167,1000.0,2500.0,2808.0,2884.0,2454.0,2910.0,2864.0,3864.0,3086.0,2728.0,2276.0,0.14522821576763487,-0.17233009708737865,-0.15827338129496402,0.18975055607692262,43.37741426000002
-73.92176167,40.84128667,1244.0,1064.0,1338.0,1364.0,1890.0,2380.0,2518.0,2436.0,2441.0,2452.0,2262.0,0.28210526315789475,0.0032733224222585926,-0.29093799682034976,0.10429349383777584,44.59081136000003
-73.949105,40.80174667,1041.0,925.0,990.0,1042.0,1372.0,1811.0,1822.0,1692.0,1950.0,1774.0,1479.0,0.2377468910021946,0.023658395845354875,-0.26174496644295303,0.23595930848648167,46.23146096000005
-73.91587667,40.84341333,1630.0,1802.0,2172.0,2366.0,2927.0,2988.0,3042.0,2744.0,3061.0,3413.0,3056.0,0.07397260273972603,0.10865681338314113,-0.11635475996745322,0.08652409224928302,44.77880246000001
-73.88858,40.82013167,876.0,943.0,1118.0,1108.0,1265.0,1531.0,1774.0,1560.0,1709.0,1680.0,1403.0,0.16941529235382308,0.037037037037037035,-0.1650485436893204,0.1308594754105103,44.09861648000003
-73.92720833,40.83858167,1221.0,1005.0,1100.0,1206.0,1386.0,2121.0,2267.0,2862.0,2469.0,2073.0,1797.0,0.40707964601769914,-0.15987841945288753,-0.4447248864209995,0.2957834298927022,41.27533196000002
-73.9235,40.822655,1297.0,1242.0,1334.0,1434.0,2516.0,2686.0,2597.0,2122.0,2691.0,2620.0,2255.0,0.19347581552305962,0.10501897933361451,-0.22800925925925927,0.17124947985125405,46.40236196000001
-73.9024,40.83583,1108.0,1064.0,1192.0,1256.0,1282.0,1570.0,1577.0,1416.0,1575.0,1836.0,1676.0,0.059880239520958084,0.12915129151291513,-0.08588957055214724,0.12524770765458634,46.583517020000045
-73.94767833,40.804945,1346.0,1154.0,1184.0,1278.0,1128.0,1355.0,1519.0,1430.0,1477.0,1515.0,1317.0,0.056129985228951254,0.028862478777589132,-0.09410864575363427,0.07750975111441308,43.476536839999994
-73.95045333,40.82152833,1453.0,1838.0,1918.0,2132.0,2132.0,2275.0,2206.0,2252.0,2421.0,2496.0,2102.0,0.02737226277372263,0.051390058972198824,-0.08009592326139088,0.16088603715513466,43.55173328000001
-73.91705833,40.81788167,1359.0,2458.0,2512.0,2662.0,2513.0,2783.0,2634.0,2776.0,2776.0,3144.0,3071.0,0.02096358955498345,0.062162162162162166,-0.049924357034795766,0.1390056621838403,46.614279200000055
-73.91444167,40.81590167,1607.0,1410.0,1572.0,1708.0,2087.0,2322.0,2283.0,2034.0,2517.0,2720.0,2091.0,0.0871191876002138,0.1442995372318048,-0.1281198003327787,0.17542778264908362,47.77982401999998
-73.989665,40.76961833,955.0,952.0,1088.0,1240.0,1211.0,1147.0,1301.0,1414.0,1424.0,1696.0,1445.0,0.06556141672946496,0.09067524115755626,-0.13029576338928858,0.11198940528907822,45.85206074000001
-73.9277,40.83799667,1488.0,1808.0,1702.0,2052.0,2601.0,2916.0,2969.0,2328.0,2880.0,3284.0,3136.0,0.06301369863013699,0.17034925160370634,-0.15533498759305212,0.13720806794055201,41.53168346000001
-73.88897,40.82614,1220.0,1212.0,1306.0,1424.0,1478.0,1425.0,1587.0,1684.0,1537.0,1978.0,1853.0,0.08365508365508366,0.08028399781540142,-0.12642140468227425,0.15513105087329873,44.74462226000003
-73.90213833,40.83855167,1299.0,1294.0,1494.0,1616.0,2059.0,2109.0,2151.0,1740.0,2268.0,2360.0,2267.0,0.03694874851013111,0.15121951219512195,-0.07606679035250463,0.18907083559181803,45.43164428
-73.97289833,40.76470333,1048.0,557.0,790.0,800.0,1091.0,2167.0,2263.0,1356.0,2598.0,1756.0,1163.0,0.25788497217068646,0.12853470437017994,-0.2637465051258155,0.516087359606061,38.97500450000001
-73.93567,40.85557833,1006.0,672.0,791.0,849.0,1210.0,2300.0,2706.0,1850.0,2816.0,2014.0,1240.0,0.3708781030011115,0.042443064182194616,-0.4009844755774328,0.5338845494379881,41.13861115999998
-73.92505,40.82728667,1277.0,1090.0,1136.0,1312.0,1603.0,1737.0,1812.0,1504.0,1780.0,2145.0,1793.0,0.06818181818181818,0.1756645656344204,-0.1393939393939394,0.10446207883439579,45.978527480000025
-73.9076,40.82537,1545.0,2416.0,2540.0,2742.0,3066.0,3455.0,3094.0,3680.0,3485.0,3735.0,3420.0,0.14606041731547803,0.007417397167902899,-0.1832797427652733,0.1303632555696867,45.13427654000003
-73.95227333,40.8224,1405.0,1194.0,1498.0,1372.0,2581.0,3123.0,3128.0,2264.0,3206.0,3048.0,2350.0,0.24532453245324531,0.14759036144578314,-0.20361509835194044,0.22008476874116994,43.192841180000016
-73.92109333,40.84207833,1339.0,1024.0,1198.0,1216.0,1466.0,1441.0,1422.0,1820.0,1642.0,1813.0,1601.0,0.19894598155467721,-0.0019267822736030828,-0.20609675281643472,0.12351122036317509,45.0932603
-73.90787,40.82969667,1123.0,1146.0,1316.0,1462.0,1345.0,1438.0,1475.0,1556.0,1606.0,1752.0,1728.0,0.031146454605699137,0.0592503022974607,-0.08356545961002786,0.13128351453731485,47.195342600000004
-73.925565,40.81185167,640.0,1096.0,1156.0,1224.0,1385.0,1779.0,2094.0,1598.0,2032.0,1866.0,1542.0,0.13253012048192772,0.07736720554272518,-0.16049382716049382,0.2234955784024733,45.684577760000025
-73.92020333,40.80381,1499.0,972.0,1210.0,1360.0,1752.0,2032.0,2121.0,1818.0,2062.0,2292.0,2076.0,0.14411579609817496,0.11532846715328467,-0.20079260237780713,0.13239013814381412,48.00199531999999
-73.91703333,40.81133333,1706.0,1798.0,1888.0,2052.0,1692.0,2241.0,2036.0,2460.0,2451.0,2508.0,1969.0,0.09042553191489362,0.00966183574879227,-0.13155473781048757,0.1195929189871028,44.28318955999998
-73.91502,40.83927167,1606.0,1312.0,1422.0,1346.0,1684.0,1655.0,1713.0,1500.0,1838.0,1942.0,1868.0,0.054111033028812365,0.1284137129575828,-0.026694045174537988,0.13165393821953728,45.018063859999984
-73.91529833,40.81451333,1574.0,3702.0,4068.0,4264.0,3275.0,3696.0,3547.0,4484.0,3484.0,3112.0,2326.0,0.025148605395518976,-0.18062137967351238,-0.04864359214218896,0.1355352423663468,46.258805120000034
-73.95131833,40.80464333,1309.0,874.0,972.0,861.0,1118.0,1652.0,2108.0,1846.0,2014.0,1790.0,1469.0,0.3638714444033986,-0.015401540154015401,-0.31014904187366926,0.2703589916249316,43.476536839999994
-73.90041833,40.83100833,1412.0,1036.0,1048.0,1062.0,1305.0,2217.0,2241.0,1824.0,2480.0,1905.0,1418.0,0.26403326403326405,0.02172164119066774,-0.27019498607242337,0.2838927317954134,44.901851179999994
-73.90781667,40.804365,2136.0,1118.0,1248.0,1608.0,2611.0,2494.0,2525.0,1576.0,2441.0,2752.0,1920.0,-0.010050251256281407,0.27171903881700554,-0.11614730878186968,0.10089679847590721,51.29354857999999
-73.96556,40.80860167,1221.0,1122.0,1284.0,1466.0,2076.0,2066.0,2529.0,1802.0,2318.0,2275.0,2092.0,0.10281517747858017,0.11601667893058622,-0.1678548282566429,0.09283633710408533,40.308032300000036
-73.91344333,40.81764833,908.0,795.0,833.0,857.0,1188.0,1596.0,1610.0,2012.0,1798.0,1790.0,1531.0,0.40257929592192404,-0.0583903208837454,-0.41441124780316346,0.2792451494122645,49.67682511999999
-73.94750333,40.80523167,1279.0,1294.0,1304.0,1432.0,1289.0,1430.0,1501.0,1642.0,1482.0,1522.0,1252.0,0.06831489915419649,-0.03792667509481669,-0.11473183978275628,0.18209936583278213,44.09861648000003
-73.91556,40.814055,1399.0,2630.0,2700.0,2724.0,2659.0,2685.0,2591.0,2784.0,2598.0,3229.0,3371.0,0.010893246187363835,0.07400631964077832,-0.015317286652078774,0.1247910432666853,46.125502340000025
-73.88591667,40.80491833,1148.0,576.0,781.0,709.0,1156.0,1704.0,1870.0,2066.0,1861.0,1915.0,1650.0,0.489009009009009,-0.03793016829942226,-0.45135230066736914,0.35624820405334606,42.82369502000006
-73.91577333,40.82062667,1014.0,820.0,909.0,1032.0,1116.0,1122.0,1219.0,1178.0,1167.0,1383.0,1127.0,0.0660633484162896,0.08004685669660289,-0.12889314805941543,0.18612132857535005,45.47949656000003
-73.942,40.80379833,890.0,883.0,1004.0,958.0,1233.0,2123.0,2558.0,2602.0,2561.0,1721.0,1106.0,0.46179775280898877,-0.203793661808929,-0.44315030504714364,0.7148109912177738,41.48041316000001
-73.92731333,40.81059333,919.0,1278.0,1592.0,1730.0,1582.0,1950.0,2200.0,2218.0,2224.0,1905.0,1693.0,0.12360688956433637,-0.07591559544021344,-0.16430446194225723,0.1328202623734865,44.00974796000003
-73.929665,40.85748,1207.0,1296.0,1534.0,1594.0,1784.0,1869.0,2159.0,2480.0,2118.0,2295.0,2046.0,0.21747668139420717,-0.0387434554973822,-0.2356751370204285,0.1653493047946298,40.58147389999999
-73.95325333,40.81254,1407.0,1414.0,1642.0,1776.0,1564.0,1846.0,1883.0,2286.0,1876.0,2133.0,1939.0,0.1255539143279173,-0.034623217922606926,-0.16395112016293278,0.12718703377187035,44.93603138000003
-73.93138833,40.832545,908.0,1108.0,1306.0,1456.0,1625.0,1766.0,1991.0,1704.0,1748.0,2128.0,1889.0,0.07848101265822785,0.11064718162839249,-0.13222591362126246,0.17002511631737138,42.29048390000003
-73.90421,40.827805,1096.0,1001.0,1268.0,1260.0,1949.0,2449.0,2757.0,2304.0,2651.0,2678.0,2493.0,0.29292929292929293,0.07507025291047772,-0.29003359462486,0.3827639818242728,45.29150546000005
-73.950725,40.82658,1735.0,1114.0,1348.0,1488.0,1903.0,1817.0,1976.0,1714.0,2000.0,2348.0,2244.0,0.07058088694565896,0.15608074839980304,-0.11952971913781842,0.09005792697657693,42.98434196000005
-73.90694833,40.81372333,1256.0,1224.0,1386.0,1514.0,1489.0,1540.0,1686.0,1688.0,1789.0,2054.0,1862.0,0.05434103685196752,0.09780865847140567,-0.09824333116460637,0.07858827565504513,46.81252436
-73.97295833,40.76460167,1108.0,594.0,540.0,469.0,734.0,902.0,1164.0,839.0,1152.0,866.0,697.0,0.28287461773700306,0.015835777126099706,-0.21682378535170413,0.516087359606061,38.97500450000001
-73.91921833,40.82172333,740.0,527.0,620.0,564.0,930.0,1465.0,1761.0,2314.0,2016.0,1433.0,993.0,0.6080611535788742,-0.2351214304777155,-0.5773687798227676,0.46485222053374764,40.916439860000025
-73.92314833,40.813085,966.0,973.0,1050.0,1106.0,1321.0,1671.0,1909.0,1650.0,1920.0,1740.0,1508.0,0.19738751814223512,0.02654867256637168,-0.2222222222222222,0.24266630965131503,42.21528746000001
-73.88961,40.81392,1297.0,758.0,844.0,846.0,1362.0,2061.0,2130.0,1960.0,2158.0,2329.0,1926.0,0.3970064148253742,0.08603404056889719,-0.3980028530670471,0.17221576536542027,45.23681714000003
-73.99017,40.76980833,1248.0,1252.0,1462.0,1548.0,1755.0,1812.0,1974.0,1900.0,2032.0,2370.0,2264.0,0.10208816705336426,0.11007025761124122,-0.13027959547888163,0.10850939196313507,45.629889440000056
-73.90232333,40.831875,1096.0,840.0,919.0,974.0,1241.0,1404.0,1463.0,1182.0,1420.0,1600.0,1421.0,0.09647495361781076,0.15025161754133717,-0.12517848643503093,0.13816472042559774,45.38721002
-73.92969667,40.81767667,1073.0,1186.0,1244.0,1410.0,1483.0,1701.0,1943.0,1590.0,1869.0,1957.0,1702.0,0.06,0.10346771919932338,-0.12208892025405788,0.11472720271876533,45.95118332000004
-73.94546167,40.81320333,1439.0,1512.0,1770.0,1942.0,1507.0,2102.0,2293.0,2088.0,2137.0,2172.0,1958.0,0.036228287841191066,0.01971830985915493,-0.08242612752721618,0.09377489775322681,42.90914552000004
-73.885275,40.81345333,1338.0,960.0,1174.0,1164.0,1774.0,2121.0,2159.0,2088.0,2245.0,2522.0,2487.0,0.28413284132841327,0.09414316702819957,-0.28019619865113427,0.1304209158248086,46.26222314000006
-73.95940167,40.81961667,1022.0,747.0,913.0,937.0,1265.0,1228.0,1221.0,1086.0,1123.0,1682.0,1589.0,0.07365299060800791,0.2153179190751445,-0.0865432716358179,0.051626677702429534,41.357364440000026
-73.95471,40.81814,1258.0,1124.0,1336.0,1390.0,1519.0,1736.0,1786.0,1764.0,1917.0,2093.0,1807.0,0.11857958148383006,0.0852994555353902,-0.13806451612903226,0.12979113228288755,44.867670980000014
-73.911395,40.81944333,1036.0,638.0,920.0,818.0,1404.0,2281.0,2672.0,2688.0,2712.0,2406.0,2129.0,0.5333713633770679,-0.05535924617196702,-0.49002217294900224,0.4245377922784121,44.320787780000046
-73.92000667,40.83071167,1159.0,1084.0,1220.0,1350.0,1542.0,1635.0,1786.0,1556.0,1685.0,1840.0,1736.0,0.07088781830695114,0.08362779740871613,-0.12103746397694524,0.13540668021628258,43.917461419999995
-73.99035333,40.76987667,1248.0,990.0,1154.0,1174.0,1805.0,2209.0,2390.0,2122.0,2446.0,2717.0,2466.0,0.28762135922330095,0.12295928910932011,-0.2954822954822955,0.17289276892362876,45.32568565999998
-73.94227,40.80345167,890.0,508.0,695.0,536.0,1247.0,2357.0,2627.0,3296.0,2799.0,1714.0,1149.0,0.7202505219206681,-0.3157684630738523,-0.6517163618140817,0.5868365244333479,42.44087678000005
-73.92993167,40.81725667,1073.0,1274.0,1428.0,1776.0,1926.0,2048.0,2126.0,2116.0,2281.0,2490.0,2038.0,0.08735868448098665,0.08119843682153713,-0.19413092550790068,0.1250464497243351,46.932155060000014
-73.927115,40.83688833,963.0,1146.0,1334.0,1368.0,1438.0,1684.0,1758.0,1650.0,1842.0,1896.0,1673.0,0.09343936381709742,0.06937394247038917,-0.10589812332439678,0.15306398069165017,42.898891460000016
-73.95013833,40.82800833,1210.0,1090.0,1132.0,1258.0,1849.0,2354.0,2681.0,2570.0,2684.0,2500.0,2235.0,0.34273772204806685,-0.013806706114398421,-0.38843868179362506,0.24507302569459802,40.73186678000002
-73.90118833,40.83146667,1364.0,941.0,1136.0,1086.0,2000.0,2396.0,2409.0,1796.0,2716.0,2871.0,2454.0,0.24635669673837612,0.2303406899507178,-0.22510231923601637,0.12401144203264351,44.74462226000003
-73.96804833,40.76247333,836.0,1284.0,1466.0,1604.0,1322.0,1243.0,1253.0,1774.0,1270.0,1320.0,1399.0,0.05032563647128478,-0.14673561732385262,-0.09506172839506173,0.08626161706730434,43.343234059999986
-73.92565667,40.82784333,1116.0,1058.0,1026.0,1108.0,1262.0,1356.0,1438.0,1368.0,1433.0,1683.0,1567.0,0.1050080775444265,0.10324483775811209,-0.14285714285714285,0.15096110862762613,45.20605496000002
-73.95005,40.82799667,1210.0,1450.0,1520.0,1524.0,1849.0,2354.0,2681.0,2846.0,2684.0,2500.0,2235.0,0.3025171624713959,-0.06472128694350916,-0.30371049015116813,0.24507302569459802,40.73186678000002
-73.91987667,40.84351333,1285.0,1400.0,1310.0,1578.0,1543.0,1863.0,2084.0,1790.0,1999.0,2157.0,1826.0,0.06294536817102138,0.09298201165442108,-0.15483870967741936,0.12896593208290044,44.730950180000036
-73.91644667,40.812365,1521.0,1294.0,1282.0,1374.0,1772.0,1847.0,1991.0,1786.0,1953.0,2196.0,1970.0,0.13037974683544304,0.10296333500753391,-0.16427640156453716,0.10603331969940227,45.42822626000003
-73.88888833,40.81402833,1423.0,915.0,963.0,936.0,1191.0,1852.0,1798.0,1636.0,1652.0,1725.0,1524.0,0.27216174183514774,0.02648021422195775,-0.2589457483647557,0.0768811836253063,45.53076686000003
-73.91512167,40.81474,1394.0,1970.0,2118.0,2282.0,2723.0,2468.0,2994.0,2238.0,2684.0,2789.0,2412.0,-0.009734513274336283,0.1096081161726676,-0.027548209366391185,0.1355352423663468,46.258805120000034
-73.92747833,40.83737667,1101.0,935.0,956.0,1050.0,1634.0,1813.0,1889.0,1690.0,2024.0,2144.0,2072.0,0.23357664233576642,0.11841418883672405,-0.2773998488284203,0.18939059155857088,42.18794330000003
-73.94713667,40.814145,1452.0,799.0,1116.0,1256.0,1745.0,2709.0,2717.0,2084.0,2777.0,2825.0,2666.0,0.24790419161676647,0.15094723976369934,-0.3025,0.24375591683126668,42.47163896000001
-73.95832667,40.82126833,998.0,1224.0,1346.0,1508.0,1587.0,1519.0,1655.0,1616.0,1513.0,1756.0,1719.0,0.034571062740076826,0.04151838671411625,-0.09115462525320729,0.07596923559880712,37.58045234000002
-73.92855167,40.83437667,1317.0,1268.0,1474.0,1572.0,2178.0,2086.0,2484.0,1874.0,2322.0,2703.0,2545.0,0.08763784097504353,0.18112300633602796,-0.11947431302270012,0.13156024836471097,43.606421599999976
-73.96563667,40.80862333,1221.0,1440.0,1532.0,1712.0,2076.0,2066.0,2529.0,1938.0,2318.0,2275.0,2092.0,0.06191780821917808,0.07999050557797294,-0.1170028818443804,0.09283633710408533,40.308032300000036
-73.92282667,40.81327333,966.0,1216.0,1240.0,1344.0,1460.0,1597.0,1647.0,1472.0,1736.0,1792.0,1458.0,0.045454545454545456,0.09803921568627451,-0.0855457227138643,0.24126659552079527,42.38618846000003
-73.88834167,40.81744,1010.0,622.0,786.0,763.0,1458.0,1804.0,2190.0,1826.0,2128.0,2037.0,1772.0,0.41058323677095404,0.054620761066528606,-0.3981623277182236,0.14920375285476212,44.344713920000004
-73.89170167,40.82336833,1669.0,869.0,1066.0,1082.0,1407.0,1831.0,1836.0,1512.0,1837.0,1968.0,1691.0,0.16576715497301464,0.1310344827586207,-0.1730023273855702,0.08454931433312189,44.83690880000006
-73.932395,40.85924333,560.0,579.0,711.0,601.0,910.0,2600.0,3079.0,2894.0,3039.0,2030.0,1179.0,0.6560801144492132,-0.17546709991876522,-0.6055478502080444,0.6463161493565166,39.53555978000003
-73.919775,40.814825,1499.0,1314.0,1400.0,1502.0,1577.0,1727.0,1708.0,1520.0,1962.0,2467.0,2364.0,0.005956320317670417,0.23752194632555806,-0.0410958904109589,0.09370271954025909,47.44827608000003
-73.88878,40.81404333,1423.0,1044.0,1256.0,1296.0,1851.0,2037.0,2310.0,2054.0,2487.0,2600.0,2323.0,0.2262686567164179,0.11731843575418995,-0.24108761329305137,0.09977639961186349,45.11376842000004
-73.97295167,40.764625,1108.0,594.0,540.0,469.0,734.0,902.0,1164.0,839.0,1152.0,866.0,697.0,0.28287461773700306,0.015835777126099706,-0.21682378535170413,0.516087359606061,38.97500450000001
-73.90818667,40.80459167,2136.0,896.0,951.0,1021.0,1222.0,1329.0,1417.0,1106.0,1496.0,1593.0,1289.0,0.03996238834038552,0.18043719896257873,-0.07535245503159942,0.14551092627047535,48.95220488000001
-73.92286667,40.813245,966.0,999.0,1096.0,1208.0,1460.0,1597.0,1647.0,1246.0,1736.0,1792.0,1458.0,0.015484922575387123,0.17972350230414746,-0.06404782237403928,0.24126659552079527,42.38618846000003
-73.91622,40.81278833,1521.0,1528.0,1630.0,1880.0,1775.0,1679.0,1508.0,2020.0,1612.0,2069.0,2050.0,0.035897435897435895,0.0119833700171191,-0.10684931506849316,0.08552468677264397,45.67432370000006
-73.92041333,40.80390167,1499.0,1162.0,1248.0,1334.0,1524.0,1537.0,1589.0,1396.0,1663.0,1915.0,1667.0,0.02271062271062271,0.15675022651766837,-0.05597579425113464,0.09849884201742118,48.40873970000001
-73.90983333,40.81099833,789.0,676.0,856.0,853.0,1160.0,1722.0,1784.0,2072.0,1795.0,1823.0,1429.0,0.41675213675213674,-0.06392811296534018,-0.41530054644808745,0.3071447014127107,44.80956464000002
-73.925075,40.82724,1277.0,1072.0,1154.0,1334.0,1951.0,2098.0,2203.0,1506.0,2068.0,2334.0,2206.0,0.06056338028169014,0.215625,-0.13233082706766916,0.10446207883439579,45.978527480000025
-73.91389667,40.83019833,1112.0,1224.0,1284.0,1416.0,1182.0,1942.0,2048.0,2888.0,2366.0,2090.0,1754.0,0.3420074349442379,-0.16030534351145037,-0.3844678811121764,0.28860778064863196,45.55469300000004
-73.94804833,40.80953333,1101.0,1130.0,1216.0,1400.0,1348.0,1456.0,1578.0,1992.0,1593.0,1819.0,1649.0,0.17452830188679244,-0.045394909472579376,-0.24189526184538654,0.10821214713430267,45.161620700000014
-73.891675,40.82303667,1669.0,919.0,1023.0,1048.0,1551.0,1644.0,1661.0,1288.0,1713.0,1929.0,1724.0,0.10273972602739725,0.19925396331986323,-0.11466897446992644,0.13248878723973032,44.93603138000003
-73.93136167,40.83259333,1119.0,823.0,1066.0,1014.0,1866.0,2071.0,2220.0,1458.0,2424.0,2394.0,2020.0,0.1796116504854369,0.24299065420560748,-0.15530903328050713,0.17002511631737138,42.29048390000003
-73.92967333,40.83463667,1354.0,1070.0,1296.0,1370.0,1713.0,1896.0,2176.0,2206.0,2202.0,2329.0,2064.0,0.23378076062639822,0.027122381477398014,-0.25985151342090235,0.1367928795607486,41.904247639999994
-73.908085,40.82489667,1091.0,1250.0,1390.0,1480.0,1049.0,1523.0,1429.0,1742.0,1510.0,1634.0,1345.0,0.08131595282433271,-0.031990521327014215,-0.1123882503192848,0.1574155353679698,44.95995751999999
-73.95611833,40.81839333,1141.0,849.0,797.0,935.0,1054.0,1136.0,1188.0,1001.0,1148.0,1334.0,1175.0,0.03409090909090909,0.14261241970021413,-0.11345939933259176,0.07822254068549213,46.51173860000006
-73.968215,40.76263,911.0,1162.0,1298.0,1444.0,1772.0,1760.0,1848.0,1538.0,1985.0,2135.0,2295.0,0.031522468142186455,0.16253743533895998,-0.0846262341325811,0.11823225358191819,42.83053106
-73.93088833,40.829785,549.0,609.0,726.0,625.0,1187.0,1918.0,2082.0,2496.0,2253.0,1575.0,1111.0,0.5994873438000641,-0.2262343404568902,-0.5493482309124768,0.6196735146793365,41.46674108000002
-73.96700833,40.7619,1211.0,2032.0,2138.0,2228.0,1863.0,1986.0,1805.0,2290.0,1904.0,1761.0,1608.0,0.013722886232846392,-0.13058504073068378,-0.03432700993676603,0.05353098951223051,46.45021424000004
-73.91734333,40.81083,1371.0,1380.0,1674.0,1776.0,1927.0,1533.0,1801.0,1832.0,1796.0,1722.0,1780.0,0.015521064301552107,-0.030951041080472707,-0.0450656018254421,0.292848329302601,43.78757666000001
-73.88534,40.82111167,1295.0,1036.0,1016.0,1126.0,1108.0,1098.0,1183.0,1308.0,1169.0,1438.0,1376.0,0.07477403451109285,0.04734158776402039,-0.12564543889845095,0.08353093649498396,47.892618680000055
-73.95061333,40.82645,1607.0,1390.0,1514.0,1728.0,2045.0,2077.0,2095.0,1836.0,2134.0,2453.0,2221.0,0.030303030303030304,0.1438563767778037,-0.09611940298507463,0.09005792697657693,42.98434196000005
-73.92607,40.81158833,1191.0,955.0,1194.0,1078.0,1603.0,1890.0,2381.0,1832.0,2236.0,2044.0,1700.0,0.259106529209622,0.054695562435500514,-0.2108393919365499,0.28664690858930053,45.54102092000005
-73.94233333,40.80337,890.0,655.0,714.0,559.0,1050.0,2595.0,3191.0,2934.0,3379.0,1876.0,1065.0,0.6799312911537361,-0.21995841995841997,-0.6085526315789473,0.5571592470361608,41.880321500000036
-73.92587,40.83911833,1424.0,970.0,1104.0,1068.0,1113.0,2101.0,2617.0,2382.0,2442.0,1753.0,1105.0,0.3808695652173913,-0.1521160822249093,-0.36660929432013767,0.5093039876693103,41.54877356000003
-73.947835,40.808745,1467.0,1144.0,1376.0,1660.0,1775.0,1804.0,1836.0,1628.0,1888.0,2101.0,1891.0,-0.009732360097323601,0.12684365781710916,-0.08388814913448735,0.06644217265904584,44.66600779999999
-73.88607833,40.82117667,1618.0,1302.0,1524.0,1678.0,2109.0,2182.0,2303.0,1974.0,2317.0,3062.0,2876.0,0.08105147864184009,0.21604447974583002,-0.12864493996569468,0.09073479958254414,48.627492980000056
-73.95296333,40.81264667,1583.0,1548.0,1620.0,1802.0,2354.0,2484.0,2488.0,2172.0,2518.0,3127.0,2921.0,0.09310518369401108,0.18022268352519344,-0.14556962025316456,0.14432438372220807,44.871088999999984
-73.95690833,40.81564,1133.0,1362.0,1406.0,1532.0,1717.0,1882.0,1936.0,1758.0,1952.0,2138.0,1932.0,0.06869300911854104,0.09753593429158111,-0.11125158027812895,0.17242780763651905,42.013624280000045
-73.94897667,40.825845,1437.0,1328.0,1406.0,1488.0,1627.0,1760.0,1874.0,1744.0,1730.0,2219.0,2221.0,0.07920792079207921,0.11985869290941206,-0.1073015873015873,0.10978596213460785,45.110350400000016
-73.94867167,40.81370333,1117.0,1202.0,1332.0,1532.0,1423.0,1627.0,1662.0,2054.0,1926.0,2160.0,1803.0,0.14556609035136642,0.025154247745609874,-0.2132309509746013,0.24687385442548165,40.834407380000016
-73.92735333,40.82844833,1275.0,1230.0,1432.0,1490.0,1955.0,2004.0,2121.0,1664.0,2055.0,2347.0,2072.0,0.055168040583386174,0.17028172525554724,-0.07493540051679587,0.11727339699484321,45.72901202000003
-73.92272167,40.81333667,706.0,1138.0,1214.0,1282.0,1035.0,1667.0,1921.0,1542.0,2166.0,1670.0,1351.0,0.09206798866855524,0.039850560398505604,-0.11901306240928883,0.24126659552079527,42.38618846000003
-73.91376333,40.83042667,1112.0,993.0,1082.0,1190.0,1028.0,1626.0,1810.0,1710.0,1921.0,1807.0,1629.0,0.1793103448275862,0.027580324139891952,-0.22492836676217765,0.19898732403002986,45.896495000000016
-73.89739333,40.84415667,894.0,1130.0,1198.0,1274.0,1381.0,1382.0,1644.0,1440.0,1449.0,1627.0,1401.0,0.061164333087693444,0.06097163351809586,-0.09173616376042457,0.16341746285966757,43.89353528000004
-73.95433833,40.81791833,814.0,814.0,952.0,962.0,1038.0,1619.0,1834.0,1650.0,1852.0,1586.0,1268.0,0.26339969372128635,-0.019777503090234856,-0.2682551883166795,0.23328079069569294,43.20993127999998
-73.91852333,40.821515,566.0,544.0,683.0,624.0,1033.0,1640.0,1829.0,1926.0,1653.0,1578.0,1026.0,0.5105882352941177,-0.09931506849315068,-0.47642775009582217,0.2932065115229896,41.16595532000002
-73.94363333,40.80163333,1200.0,1430.0,1616.0,1784.0,1362.0,1554.0,1840.0,2170.0,1864.0,2071.0,1815.0,0.09762266059686393,-0.02334355104928083,-0.14632857897517168,0.1595554905687966,44.69335196000003
-73.943845,40.80132833,1200.0,1096.0,1212.0,1356.0,1974.0,2306.0,2305.0,1594.0,2430.0,2351.0,2027.0,0.08067796610169492,0.19188846641318125,-0.1361368496079829,0.2843013484312192,44.97021158000001
-73.92837667,40.834315,1512.0,1316.0,1478.0,1454.0,1606.0,1892.0,1862.0,2112.0,2078.0,2005.0,1721.0,0.18452047111609646,-0.02598979839689094,-0.1766016713091922,0.17055151801668256,42.96725186000003
-73.91067833,40.81921667,1355.0,982.0,1224.0,1156.0,1293.0,2207.0,2441.0,2586.0,2507.0,1941.0,1428.0,0.38214858364510956,-0.1424784625579854,-0.35748031496062993,0.37568963268187516,44.22508321999999
-73.92539667,40.84013167,1020.0,1074.0,1286.0,1244.0,1383.0,2360.0,2705.0,2566.0,2661.0,1927.0,1400.0,0.34698162729658794,-0.14222123302915646,-0.3322949117341641,0.31761255145676176,44.618155520000016
-73.88531167,40.81359,1338.0,1992.0,2332.0,2314.0,1774.0,2121.0,2159.0,2588.0,2245.0,2522.0,2487.0,0.05589555283557732,-0.012915851272015656,-0.05203252032520325,0.22095063931452497,46.07423204000003
-73.90783333,40.82975667,1123.0,1146.0,1316.0,1462.0,1345.0,1438.0,1475.0,1556.0,1606.0,1752.0,1728.0,0.031146454605699137,0.0592503022974607,-0.08356545961002786,0.13128351453731485,47.195342600000004
-73.89806167,40.815735,1838.0,974.0,1192.0,1322.0,2347.0,2993.0,2707.0,1990.0,3045.0,3700.0,3330.0,0.20169082125603865,0.30052724077328646,-0.25078566939032054,0.0986022241979916,44.50194284000003
-73.95340167,40.81234667,1407.0,3152.0,3074.0,3522.0,3186.0,2650.0,2694.0,3694.0,2614.0,3094.0,2837.0,0.02383592017738359,-0.08839127872716558,-0.09160756501182032,0.062345310519219974,44.864252960000044
-73.95271167,40.82249167,1405.0,1436.0,1302.0,1434.0,1618.0,1636.0,1663.0,1600.0,1670.0,2111.0,2019.0,0.05471324983520105,0.13769873349501482,-0.10268780151619572,0.08754780114722752,43.408176440000034
-73.89131167,40.814285,1420.0,1700.0,2230.0,2172.0,2003.0,1934.0,2158.0,2128.0,2071.0,2485.0,2624.0,-0.010232558139534883,0.07738998482549317,0.023405231757687012,0.10391542291288147,46.22804294000002
-73.918755,40.82158333,566.0,564.0,703.0,627.0,1033.0,1640.0,1829.0,1538.0,1653.0,1578.0,1026.0,0.4207852193995381,0.012836970474967908,-0.3726015171798304,0.32561603212808676,40.772883019999995
-73.93015333,40.81678333,1012.0,1480.0,1484.0,1788.0,1959.0,1633.0,1909.0,1830.0,1710.0,2034.0,1999.0,0.011608623548922056,0.052795031055900624,-0.1044055522027761,0.04812901075089592,47.15090834
-73.89168,40.823105,1669.0,919.0,1023.0,1048.0,1551.0,1644.0,1661.0,1288.0,1713.0,1929.0,1724.0,0.10273972602739725,0.19925396331986323,-0.11466897446992644,0.13248878723973032,44.93603138000003
-73.93154167,40.83219333,1108.0,2002.0,2218.0,2534.0,2397.0,2229.0,2429.0,2670.0,2250.0,2307.0,2027.0,0.026133743274404306,-0.07293550331525014,-0.09247135842880523,0.17712042217700918,42.42036866000001
-73.97202167,40.76427,1252.0,1578.0,1678.0,1808.0,2078.0,2201.0,2276.0,1838.0,2003.0,2330.0,2393.0,0.008228195282501372,0.118042226487524,-0.04550625711035267,0.07243922290825672,40.56438380000003
-73.90945333,40.84482833,968.0,869.0,941.0,1032.0,1110.0,1131.0,1184.0,1094.0,1186.0,1381.0,1250.0,0.02916274694261524,0.11595959595959596,-0.07518427518427519,0.10153648419699707,43.86619112000005
-73.92837833,40.80729333,1416.0,1166.0,1290.0,1466.0,1600.0,1977.0,1882.0,1614.0,1923.0,2418.0,2480.0,0.048051948051948054,0.19940476190476192,-0.1115702479338843,0.1219571158998879,45.03515396
-73.92188333,40.80452333,1741.0,1316.0,1334.0,1354.0,1377.0,1612.0,1847.0,1562.0,1828.0,1997.0,1727.0,0.07133058984910837,0.12222534419780837,-0.0787292817679558,0.09716900808854835,46.586935040000014
-73.93818667,40.80339667,1401.0,1026.0,1204.0,1272.0,1590.0,2350.0,2212.0,2924.0,2061.0,2377.0,2235.0,0.3937082936129647,-0.10318807772118468,-0.4166666666666667,0.17504893200578683,45.13085852000006
-73.91659167,40.81888,1280.0,1302.0,1454.0,1594.0,1568.0,1480.0,1841.0,1576.0,1688.0,1992.0,1908.0,-0.0056782334384858045,0.11659192825112108,-0.04026402640264026,0.19200975363159214,46.26222314000006
-73.94955167,40.81246833,1104.0,1534.0,1846.0,2110.0,2484.0,2328.0,2345.0,2592.0,2290.0,2381.0,2400.0,0.10250957039557634,-0.04242911723305852,-0.16809373591707977,0.1991183057862954,42.71431838000001
-73.94690333,40.81404833,1275.0,1438.0,1454.0,1570.0,2216.0,2387.0,2662.0,2862.0,2698.0,2655.0,2390.0,0.2915162454873646,-0.037520391517128875,-0.3262279888785913,0.24375591683126668,42.47163896000001
-73.92833,40.82136167,938.0,615.0,812.0,645.0,982.0,2147.0,2613.0,2766.0,2792.0,1833.0,1411.0,0.6218117854001759,-0.20287018917155902,-0.5461151481274455,0.465714092232681,42.97066988000006
-73.889095,40.80635667,861.0,1002.0,1038.0,996.0,1081.0,1204.0,1284.0,1222.0,1251.0,1314.0,1289.0,0.1018935978358882,0.03627760252365931,-0.08141592920353982,0.11170485023442468,48.29252702000002
-73.90821167,40.82911,1031.0,1294.0,1436.0,1538.0,1290.0,1600.0,1762.0,1838.0,1774.0,1773.0,1600.0,0.08886255924170616,-0.01800055386319579,-0.12278558338423946,0.2728168004215655,47.18508854000004
-73.88949,40.82586,1322.0,1138.0,1212.0,1390.0,1089.0,1359.0,1598.0,1588.0,1507.0,1747.0,1511.0,0.06648757555406314,0.04767616191904048,-0.13428571428571429,0.0822345493951517,43.98582182000001
-73.93146,40.85877333,1851.0,857.0,976.0,985.0,1334.0,2096.0,2280.0,1904.0,2519.0,2111.0,1663.0,0.3181031498788508,0.05155666251556663,-0.32222222222222224,0.33278105056455576,41.82905119999998
-73.92198167,40.81028333,1070.0,1310.0,1478.0,1582.0,1601.0,1834.0,1777.0,2010.0,1930.0,1969.0,1748.0,0.11915367483296214,-0.010304096506659964,-0.15252293577981652,0.2483564371313724,44.90868722000005
-73.95286667,40.79804167,785.0,643.0,807.0,720.0,869.0,2250.0,2967.0,2680.0,3068.0,1662.0,1052.0,0.5764705882352941,-0.23445416858590512,-0.5371379409234299,0.6527391275122673,39.09463520000003
-73.92785833,40.80984,1108.0,794.0,826.0,817.0,1100.0,1380.0,1372.0,896.0,1539.0,1735.0,1374.0,0.04611792177466433,0.31889015583428354,-0.04065040650406504,0.1604072739823543,42.95699780000001
-73.95214667,40.80361167,1204.0,741.0,1034.0,948.0,1064.0,1413.0,1597.0,1640.0,1623.0,1576.0,1196.0,0.26738794435857804,-0.01990049751243781,-0.22662677636499626,0.2209428892139188,44.07469034000002
-73.96785833,40.76284333,919.0,1350.0,1422.0,1606.0,1525.0,1609.0,1652.0,1704.0,1580.0,1931.0,1945.0,0.029607250755287008,0.0624484181568088,-0.09021113243761997,0.08098567015816259,43.589331500000014
-73.89142833,40.814625,1420.0,825.0,933.0,1036.0,1352.0,1755.0,2021.0,2274.0,2149.0,1872.0,1653.0,0.3740181268882175,-0.09696092619392185,-0.41814780168381666,0.2684161577034813,44.51219690000005
-73.887725,40.81647667,1289.0,1244.0,1394.0,1516.0,1392.0,1763.0,1899.0,1682.0,1916.0,2002.0,1642.0,0.05190744215134459,0.08686210640608034,-0.09362808842652796,0.13921592854747322,44.061018260000026
-73.89647333,40.83364,1020.0,780.0,919.0,976.0,1425.0,1780.0,2047.0,1556.0,2103.0,1830.0,1445.0,0.22906793048973143,0.08092144122858831,-0.25737373737373737,0.10570157140870537,45.041990000000055
-73.94238167,40.80329833,890.0,676.0,820.0,708.0,1050.0,2595.0,3191.0,2634.0,3379.0,1876.0,1065.0,0.5763016157989228,-0.16807095343680709,-0.5251881876085698,0.5571592470361608,41.880321500000036
-73.92559,40.83959167,973.0,1054.0,1070.0,1144.0,1325.0,1645.0,1834.0,1684.0,1773.0,1819.0,1687.0,0.19094766619519093,0.03853839566086212,-0.22294843863471314,0.15812064532955764,43.978985780000016
-73.931335,40.83264333,1119.0,823.0,1066.0,1014.0,1866.0,2071.0,2220.0,1458.0,2424.0,2394.0,2020.0,0.1796116504854369,0.24299065420560748,-0.15530903328050713,0.17002511631737138,42.29048390000003
-73.91015167,40.82449333,1056.0,1080.0,1194.0,1394.0,1549.0,1750.0,1905.0,1676.0,1880.0,1738.0,1586.0,0.09185667752442997,0.01816051552431166,-0.16794425087108014,0.17456089371044825,47.27395706000004
-73.92834,40.82129,938.0,480.0,642.0,463.0,945.0,2563.0,3212.0,3198.0,3356.0,1849.0,1284.0,0.7470636438131658,-0.2672874975232812,-0.665625,0.465714092232681,42.97066988000006
-73.90656667,40.81275833,1254.0,1478.0,1690.0,1884.0,2089.0,2140.0,2190.0,2286.0,2285.0,2271.0,1972.0,0.09640287769784173,-0.0032916392363396972,-0.14989939637826963,0.10451611230653562,44.97704762000001
-73.99008833,40.769775,1248.0,1222.0,1434.0,1612.0,1755.0,1812.0,1974.0,2076.0,2032.0,2370.0,2264.0,0.12581344902386118,0.06612685560053981,-0.1829059829059829,0.12304563365959056,46.14942847999998
-73.9158,40.82084,1014.0,1023.0,1066.0,1086.0,1104.0,1133.0,1359.0,1200.0,1299.0,1330.0,1153.0,0.049868766404199474,0.05138339920948617,-0.05913503971756399,0.2762395363811977,45.667487660000006
-73.94916167,40.82761833,2162.0,1636.0,1722.0,1804.0,2843.0,2542.0,2841.0,2028.0,2645.0,3367.0,3651.0,0.05845511482254697,0.24819277108433735,-0.0816,0.14617195952396111,41.31634819999999
-73.95805167,40.81524667,1276.0,1484.0,1660.0,1902.0,1945.0,1912.0,1978.0,1860.0,1891.0,2128.0,1977.0,-0.011164274322169059,0.06720160481444333,-0.056818181818181816,0.10587366310664235,42.980923940000025
-73.92945667,40.81829,1755.0,1482.0,1444.0,1614.0,2299.0,2055.0,2281.0,1830.0,2195.0,3053.0,2997.0,0.0627177700348432,0.2504607823059595,-0.1178985949908369,0.236798831869759,44.92577732000001
-73.909725,40.81127667,782.0,703.0,843.0,775.0,1389.0,2190.0,2662.0,2482.0,2677.0,1902.0,1418.0,0.5241019342953638,-0.1322992700729927,-0.49293233082706767,0.3927037087222325,44.72411413999998
-73.95420833,40.77451333,1202.0,872.0,921.0,1009.0,1265.0,1289.0,1422.0,1012.0,1296.0,1554.0,1501.0,0.0014844136566056407,0.2112236944660951,-0.0470770822555613,0.0551498516170201,44.00974796000003
-73.90828667,40.80468333,1114.0,745.0,808.0,861.0,967.0,1207.0,1374.0,1080.0,1475.0,1564.0,1225.0,0.11282843894899536,0.18305597579425115,-0.1440677966101695,0.25672498824565104,48.75737774000004
-73.94690333,40.82680833,1416.0,2124.0,2082.0,2376.0,2530.0,3199.0,3094.0,3172.0,3298.0,3348.0,3035.0,0.14347512617159336,0.026993865030674847,-0.20746098210886943,0.10933928168540427,44.20115708000003
-73.89735667,40.844145,894.0,1130.0,1198.0,1274.0,1381.0,1382.0,1644.0,1440.0,1449.0,1627.0,1401.0,0.061164333087693444,0.06097163351809586,-0.09173616376042457,0.16341746285966757,43.89353528000004
-73.92698667,40.82030833,1626.0,2814.0,3082.0,3200.0,2294.0,2485.0,2562.0,3606.0,2695.0,2703.0,2321.0,0.05965324713488099,-0.1431288635282929,-0.07834928229665072,0.08965253764093917,44.87450702000001
-73.91536,40.839385,1486.0,935.0,959.0,1114.0,1273.0,1367.0,1408.0,1396.0,1388.0,1720.0,1601.0,0.11235059760956176,0.10397946084724005,-0.18556263269639064,0.08763323462255594,45.041990000000055
-73.92112333,40.842035,1339.0,1009.0,1078.0,1184.0,1466.0,1441.0,1422.0,1430.0,1642.0,1813.0,1601.0,0.09410864575363427,0.11810052420598212,-0.14035087719298245,0.12351122036317509,45.0932603
-73.95826667,40.81553333,1125.0,645.0,844.0,1282.0,1324.0,1534.0,1403.0,1434.0,1335.0,1922.0,1700.0,0.055964653902798235,0.14541120381406436,-0.2589991220368745,0.08121463452445549,43.46628278000003
-73.88520667,40.81315833,1338.0,1284.0,1454.0,1562.0,1769.0,2172.0,2145.0,2174.0,2189.0,2117.0,1882.0,0.16381156316916487,-0.013283616872523888,-0.19845644983461963,0.20909565217391315,46.49806652000001
-73.94563,40.81298167,1289.0,2142.0,2258.0,2322.0,2042.0,2130.0,2367.0,2604.0,2375.0,2791.0,2581.0,0.057247259439707675,0.03466172381835032,-0.0711641299876594,0.11957777225123653,42.393024500000024
-73.93056167,40.815525,1405.0,1238.0,1270.0,1486.0,1283.0,1490.0,1362.0,1560.0,1456.0,1698.0,1568.0,0.024294156270518712,0.0423572744014733,-0.10247349823321555,0.0874626933679631,45.64356152000005
-73.91987833,40.803695,1499.0,1294.0,1362.0,1306.0,2034.0,2251.0,2305.0,1766.0,2206.0,2551.0,2499.0,0.14973958333333334,0.18183924021311096,-0.12915601023017903,0.08673148551250423,49.36578530000003
-73.90797167,40.80816,1480.0,1400.0,1530.0,1626.0,2217.0,2132.0,2310.0,1822.0,2098.0,2225.0,1863.0,0.0568445475638051,0.09957993575488015,-0.08711217183770883,0.056345310243002794,48.79155794000002
-73.93263833,40.85690667,1478.0,1498.0,1758.0,1892.0,2872.0,2721.0,2984.0,2190.0,2704.0,3591.0,3720.0,0.07300342969132778,0.24234561494551116,-0.1094224924012158,0.13410740203193033,43.06295641999998
-73.92028833,40.82208167,914.0,1196.0,1316.0,1390.0,1460.0,1853.0,1789.0,1592.0,1898.0,1849.0,1606.0,0.06773977196512408,0.07468759081662307,-0.09491059147180192,0.17943657891878195,44.37889412000004
-73.92541,40.80601,1202.0,1158.0,1242.0,1334.0,1723.0,1718.0,1699.0,1470.0,1725.0,1806.0,1704.0,0.04850213980028531,0.10256410256410256,-0.084070796460177,0.10515191315768888,45.54102092000005
-73.92186333,40.810435,1070.0,1346.0,1488.0,1634.0,1601.0,1834.0,1777.0,1898.0,1930.0,1969.0,1748.0,0.07474518686296716,0.018360486164985777,-0.12108682811577082,0.13148711856856488,44.720696120000014
-73.91836833,40.809095,1393.0,2976.0,2896.0,3128.0,2769.0,2902.0,3108.0,3440.0,3007.0,3166.0,2873.0,0.047503045066991476,-0.04147744474719951,-0.08585858585858586,0.1447038808289461,44.491688780000004
-73.89153833,40.82474667,966.0,781.0,852.0,899.0,1389.0,1389.0,1393.0,880.0,1364.0,1741.0,1749.0,-0.010680157391793142,0.3285005723006486,-0.016166281755196306,0.09208415540353655,44.8881791
-73.90880333,40.81019667,1233.0,1162.0,1236.0,1364.0,1270.0,1430.0,1449.0,1636.0,1495.0,1922.0,1714.0,0.09066666666666667,0.08038223721191681,-0.1392757660167131,0.2536906798454032,46.85354060000003
-73.916895,40.83842,1987.0,1712.0,1920.0,2084.0,2662.0,2778.0,2542.0,2512.0,2996.0,3773.0,3431.0,0.09312445604873804,0.20063643595863168,-0.13357400722021662,0.11822533031440775,42.307574000000045
-73.90743667,40.809715,1223.0,1148.0,1324.0,1460.0,1522.0,1405.0,1578.0,1358.0,1392.0,1995.0,1948.0,-0.0361958836053939,0.18997912317327767,-0.01267710663683818,0.08270676691729309,48.682181300000025
-73.927665,40.81009,1108.0,717.0,822.0,865.0,1133.0,1252.0,1432.0,1076.0,1441.0,1536.0,1315.0,0.10870685213807316,0.17611026033690658,-0.13382507903055849,0.28789110291664166,42.79293284000005
-73.930355,40.83448,1572.0,1800.0,2036.0,2278.0,2087.0,2084.0,2160.0,2472.0,2161.0,2577.0,2237.0,0.040842105263157895,0.020796197266785502,-0.09671694764862467,0.10188963831094187,41.35394642000006
-73.94932167,40.812825,1237.0,1090.0,1334.0,1378.0,1856.0,2586.0,2836.0,2962.0,2865.0,2683.0,1928.0,0.3649769585253456,-0.04942426926483614,-0.3789571694599628,0.3754348575547685,42.18452528
-73.91893833,40.80444333,839.0,1138.0,1338.0,1432.0,1508.0,1658.0,1838.0,1892.0,1732.0,1715.0,1462.0,0.13838748495788206,-0.04907125034654838,-0.1715170278637771,0.17164819213512789,44.84374484
-73.95302833,40.80334667,1314.0,872.0,1130.0,1202.0,1943.0,1947.0,2035.0,1312.0,2041.0,2423.0,2290.0,0.04375497215592681,0.2974564926372155,-0.07452907452907453,0.0739437892276741,45.44531635999999
-73.89173,40.82368333,1603.0,965.0,1050.0,1046.0,1403.0,1686.0,1687.0,1346.0,1784.0,2038.0,1650.0,0.1254180602006689,0.2044917257683215,-0.12353923205342238,0.13093295757935336,45.00780980000002
-73.88556,40.82123,1149.0,1096.0,1116.0,1208.0,1351.0,1393.0,1424.0,1526.0,1563.0,1678.0,1522.0,0.1163130943672275,0.04744069912609238,-0.15518546555639667,0.07488095111272111,48.31987118000001
-73.94143833,40.8046,920.0,856.0,873.0,907.0,836.0,2075.0,2514.0,2292.0,2678.0,1770.0,1077.0,0.43294779618630824,-0.12850812407680945,-0.4483412322274882,0.4994137991675948,41.54877356000003
-73.949585,40.81237667,1104.0,1434.0,1524.0,1596.0,2484.0,2328.0,2345.0,2088.0,2290.0,2381.0,2400.0,0.13355048859934854,0.06556276571940031,-0.15614617940199335,0.1723414629658592,42.62544986
-73.92964,40.80978667,1072.0,983.0,1084.0,1146.0,1220.0,1175.0,1264.0,1178.0,1273.0,1516.0,1359.0,0.013769363166953529,0.12546399406087602,-0.04155614500442087,0.06715240267996432,46.6655495
-73.93136667,40.85893667,1205.0,829.0,1064.0,1172.0,1417.0,1560.0,1847.0,1684.0,1910.0,2036.0,1680.0,0.1792717086834734,0.09462365591397849,-0.22561863173216884,0.13582259466086452,41.835887240000034
-73.93151333,40.82996,724.0,566.0,825.0,612.0,1089.0,2341.0,2867.0,3156.0,2844.0,1901.0,1225.0,0.6751592356687898,-0.24817085228396282,-0.5855312735493594,0.6666373045584675,39.88077980000003
-73.89152167,40.819655,1522.0,2278.0,2562.0,2756.0,2382.0,2535.0,2661.0,3332.0,2879.0,2532.0,2392.0,0.09461235216819974,-0.1364256480218281,-0.13064133016627077,0.14567078904113534,44.9907197
-73.88524333,40.81330167,1338.0,993.0,1178.0,1204.0,1735.0,1934.0,1959.0,2204.0,2110.0,2347.0,2271.0,0.2934272300469484,0.03142166556800703,-0.30337078651685395,0.20909565217391315,46.49806652000001
-73.93694167,40.85518833,1563.0,1792.0,1954.0,2212.0,2805.0,2692.0,2968.0,2656.0,2934.0,3490.0,3484.0,0.09120788824979457,0.1356980149690856,-0.15227765726681128,0.10406443301503637,43.40475842000001
-73.89838167,40.83255833,1491.0,1666.0,1816.0,1900.0,1650.0,1600.0,1675.0,1922.0,1656.0,1991.0,1860.0,0.0057561486132914706,0.01763352926143624,-0.02835741037988229,0.09188631522896687,44.23533728000001
-73.91829333,40.81559833,1747.0,1952.0,2056.0,2272.0,1984.0,2324.0,2106.0,2342.0,2375.0,2828.0,2656.0,0.01517121803207629,0.09400386847195358,-0.06502955889040472,0.12855396188005438,46.36134572000003
-73.91826167,40.80924333,1393.0,1324.0,1560.0,1708.0,2345.0,3376.0,3728.0,3492.0,3720.0,2875.0,2614.0,0.34307692307692306,-0.09690592115596042,-0.3824228028503563,0.36266686189813796,44.80272860000002
-73.91885167,40.80470333,839.0,1013.0,1030.0,1050.0,1234.0,1451.0,1386.0,1258.0,1544.0,1603.0,1308.0,0.09012131715771231,0.12058720727018525,-0.09965034965034965,0.3630856474188757,43.07321048000006
-73.92003167,40.82197333,733.0,730.0,856.0,818.0,1438.0,1729.0,1811.0,1886.0,1907.0,1902.0,1588.0,0.39497041420118345,0.004223864836325237,-0.37563822027717,0.17943657891878195,44.37889412000004
-73.95663333,40.815235,1449.0,755.0,874.0,828.0,1893.0,2197.0,2360.0,2320.0,2415.0,2343.0,2133.0,0.47395171537484115,0.004932446922582029,-0.45272385723231057,0.484390174008565,42.816858980000006
-73.93583333,40.85529333,1006.0,1042.0,1076.0,1168.0,1390.0,3700.0,4099.0,2696.0,4519.0,2319.0,1630.0,0.39544513457556935,-0.07517447657028914,-0.42948038176033937,0.5593970622971473,41.31634819999999
-73.93839333,40.803095,1194.0,1682.0,1942.0,1880.0,2319.0,2685.0,2329.0,2978.0,2778.0,2854.0,2628.0,0.2260189378344998,-0.021262002743484224,-0.2105691056910569,0.15470043709641207,44.82323672000001
-73.918875,40.8145,1670.0,1460.0,1474.0,1538.0,1577.0,1880.0,1708.0,1616.0,1955.0,2143.0,1832.0,0.024730500951173115,0.14019686086725192,-0.045954692556634306,0.07055418122465633,46.67922157999999
-73.93057833,40.81526667,1405.0,1232.0,1344.0,1292.0,1413.0,1425.0,1374.0,1458.0,1537.0,1872.0,1699.0,0.06036363636363636,0.12432432432432433,-0.04068522483940043,0.08291601760567059,45.38379200000003
-73.95308667,40.80337333,1088.0,980.0,1112.0,1248.0,1555.0,1566.0,1508.0,1338.0,1651.0,1864.0,1713.0,0.03480278422273782,0.16427232979387882,-0.09224489795918367,0.0739437892276741,45.44531635999999
-73.955765,40.814035,1294.0,1044.0,1268.0,1416.0,1517.0,1641.0,1658.0,1780.0,1606.0,1774.0,1601.0,0.11389236545682102,-0.0016882386043894203,-0.1679790026246719,0.08866200967221914,44.56688522000002
-73.89176333,40.82389167,1603.0,1100.0,1260.0,1308.0,1191.0,1277.0,1499.0,1628.0,1493.0,1582.0,1430.0,0.10899182561307902,-0.014330218068535825,-0.12742382271468145,0.13607015365512964,45.37695596000003
-73.91887833,40.80461833,839.0,1013.0,1030.0,1050.0,1234.0,1451.0,1386.0,1258.0,1544.0,1603.0,1308.0,0.09012131715771231,0.12058720727018525,-0.09965034965034965,0.3630856474188757,43.07321048000006
-73.91359833,40.83068,1099.0,711.0,801.0,769.0,937.0,1658.0,1774.0,1660.0,1977.0,1770.0,1445.0,0.3668176204199259,0.03206997084548105,-0.3490451036164161,0.34161884105261137,45.92383916000006
-73.93059667,40.85740833,1693.0,1003.0,1046.0,1070.0,1940.0,2892.0,3341.0,3736.0,3354.0,2804.0,2151.0,0.5547232625884311,-0.14250764525993884,-0.562526139690506,0.32095647501343366,39.50821561999999
-73.93030167,40.83454167,1467.0,2840.0,2894.0,3032.0,2528.0,2637.0,2784.0,3090.0,2712.0,3244.0,3148.0,0.009474028095393662,0.024313230186296178,-0.032754010695187165,0.10188963831094187,41.35394642000006
-73.89810667,40.83276167,1194.0,1182.0,1440.0,1494.0,1524.0,1670.0,1767.0,2098.0,1766.0,1819.0,1682.0,0.16815144766146994,-0.07122798059739596,-0.1859807801017524,0.1543633288284843,44.22508321999999
-73.93031667,40.857455,1693.0,1296.0,1340.0,1316.0,1340.0,2853.0,3645.0,2924.0,3744.0,2537.0,1775.0,0.37924528301886795,-0.07086614173228346,-0.3714821763602251,0.5792149425470541,39.24502808
-73.91867167,40.80481167,633.0,1001.0,1162.0,1188.0,1365.0,1692.0,1788.0,1926.0,2017.0,1594.0,1231.0,0.23699421965317918,-0.09431818181818181,-0.24740932642487046,0.3879600850646165,42.307574000000045
-73.99117,40.77010667,1195.0,1282.0,1408.0,1554.0,1924.0,1995.0,2113.0,1584.0,1985.0,2212.0,1947.0,0.009560229445506692,0.1654373024236038,-0.058823529411764705,0.12365522395947372,44.73778622000003
-73.95107667,40.81252333,900.0,458.0,628.0,592.0,1108.0,2552.0,3176.0,3134.0,3245.0,1975.0,1236.0,0.6822329575952765,-0.22685457036602075,-0.6661350345560871,0.2938288629938633,42.57759758000003
-73.89868,40.83233667,1454.0,2286.0,2468.0,2484.0,2928.0,3105.0,3276.0,3096.0,3038.0,3489.0,3583.0,0.10967741935483871,0.05968109339407745,-0.11286843997124371,0.10772934654995618,44.14988678000003
-73.94681833,40.80829667,1412.0,1152.0,1404.0,1632.0,1827.0,1895.0,1961.0,1660.0,2112.0,2311.0,1871.0,0.00850546780072904,0.16393855452027198,-0.0835509138381201,0.10588342634692306,45.54102092000005
-73.91882667,40.81456,1670.0,1460.0,1474.0,1538.0,1577.0,1880.0,1708.0,1616.0,1955.0,2143.0,1832.0,0.024730500951173115,0.14019686086725192,-0.045954692556634306,0.07055418122465633,46.67922157999999
-73.91906333,40.81517333,1543.0,1120.0,1246.0,1310.0,1977.0,1857.0,1833.0,1544.0,2054.0,2557.0,2445.0,0.08199018920812894,0.2470129236771519,-0.10681003584229391,0.09142822973659818,46.932155060000014
-73.908305,40.82887833,1031.0,1246.0,1426.0,1406.0,1661.0,2033.0,2070.0,2702.0,2230.0,1938.0,1634.0,0.3154819863680623,-0.1646551724137931,-0.30910852713178294,0.21807798626567293,46.64162336000004
-73.93696833,40.85512833,1563.0,1792.0,1954.0,2212.0,2805.0,2692.0,2968.0,2656.0,2934.0,3490.0,3484.0,0.09120788824979457,0.1356980149690856,-0.15227765726681128,0.10406443301503637,43.40475842000001
-73.99154333,40.77016833,1271.0,1072.0,1254.0,1272.0,1435.0,1531.0,1568.0,1338.0,1674.0,1888.0,1784.0,0.02528735632183908,0.17048977061376316,-0.032407407407407406,0.10371509095567513,44.12254261999999
-73.913395,40.81960833,2331.0,1192.0,1246.0,1266.0,2059.0,2231.0,2089.0,1544.0,1698.0,2661.0,2247.0,0.09893238434163701,0.2656361474435196,-0.10681003584229391,0.08682033761819882,47.28421112000001
-73.91942333,40.81500833,1543.0,1604.0,1796.0,2038.0,2489.0,2393.0,2615.0,2122.0,2428.0,2687.0,2484.0,0.020192307692307693,0.11748804325223539,-0.08320571720265442,0.10193594409474309,47.25344894
-73.93105167,40.85722,2035.0,3186.0,3294.0,3460.0,2779.0,3105.0,3626.0,4140.0,3457.0,3192.0,2387.0,0.08947368421052632,-0.12929623567921442,-0.11380145278450363,0.21119339316793495,40.36613864000003
-73.936775,40.85552167,1563.0,1250.0,1690.0,1500.0,1955.0,2279.0,2288.0,2428.0,2390.0,2566.0,2375.0,0.23625254582484725,0.0276331597917501,-0.17921321029626033,0.2884096186390648,43.12448078
-73.94990333,40.81204167,1104.0,1402.0,1472.0,1742.0,1545.0,1691.0,1755.0,1956.0,1812.0,1999.0,1787.0,0.0578691184424013,0.010872313527180783,-0.1411901983663944,0.1373166177647372,43.25436553999998
-73.93666333,40.85583333,1264.0,1216.0,1526.0,1616.0,1608.0,1956.0,2182.0,2540.0,2231.0,2159.0,1866.0,0.22232916265640038,-0.08108108108108109,-0.24938514510575505,0.20256770310932806,43.12448078
-73.90831667,40.828855,1207.0,1322.0,1484.0,1562.0,1563.0,2059.0,2052.0,2746.0,2190.0,1946.0,1621.0,0.2748375116063138,-0.17050298380221654,-0.2983451536643026,0.21807798626567293,46.64162336000004
-73.89132167,40.81432167,1420.0,1314.0,1364.0,1726.0,1597.0,1588.0,1818.0,1678.0,1770.0,2010.0,1893.0,-0.01410105757931845,0.09002169197396963,-0.1032215647600263,0.13256461646581125,45.718757960000005
-73.93130333,40.85713333,2035.0,1422.0,1630.0,1710.0,2572.0,2982.0,3027.0,2918.0,3319.0,3537.0,3244.0,0.2610198789974071,0.09589465530596437,-0.2832014072119613,0.10258053034347746,40.67717846000005
-73.89203333,40.81675667,1068.0,1210.0,1292.0,1460.0,1461.0,1567.0,1635.0,1462.0,1595.0,1736.0,1564.0,0.0006844626967830253,0.08567854909318325,-0.06172839506172839,0.11068708821767768,43.736306360000015
-73.92792667,40.80973833,1108.0,1008.0,957.0,1048.0,1150.0,1572.0,1512.0,1238.0,1791.0,1943.0,1246.0,0.0831146106736658,0.22162841873624647,-0.12801822323462414,0.1604072739823543,42.95699780000001
-73.91932333,40.80423333,1095.0,1276.0,1400.0,1534.0,1683.0,1953.0,2236.0,1664.0,2061.0,2065.0,1894.0,0.04065040650406504,0.10753553231429337,-0.08616187989556136,0.1387569214639101,46.42287008000005
-73.91854833,40.81467667,1670.0,1206.0,1260.0,1352.0,1459.0,1872.0,1825.0,1498.0,2107.0,2182.0,1747.0,0.051228070175438595,0.1858695652173913,-0.08629441624365482,0.13794389473561533,46.26222314000006
-73.95812833,40.82145,998.0,1120.0,1250.0,1404.0,1367.0,1647.0,1488.0,1544.0,1454.0,1867.0,1774.0,0.04748982360922659,0.09469363822925828,-0.10522548317823908,0.06621491896775646,36.807979820000014
-73.95597,40.81442,1220.0,653.0,827.0,828.0,1302.0,1988.0,2205.0,2148.0,2304.0,2097.0,1703.0,0.4435483870967742,-0.012014134275618375,-0.4440336134453782,0.24602147037280914,45.61621736000001
-73.93626,40.856415,1216.0,1005.0,1254.0,1410.0,1848.0,2144.0,2129.0,1772.0,2153.0,2228.0,1867.0,0.11376492771841609,0.114,-0.17118307997356247,0.17472453694561818,43.78757666000001
-73.99162667,40.77018333,1271.0,1430.0,1466.0,1782.0,1435.0,1531.0,1568.0,1930.0,1674.0,1888.0,1784.0,0.03987068965517242,-0.011000523834468309,-0.13663133097762073,0.15358103838060055,44.207993120000026
-73.9269,40.82824,1426.0,1720.0,1830.0,1998.0,2031.0,2187.0,2154.0,2212.0,2340.0,2326.0,1960.0,0.0508313539192399,0.0251211987659762,-0.09450766947055914,0.11684458305585414,44.90868722000005
-73.92123667,40.80425167,1574.0,986.0,1144.0,1308.0,1506.0,1562.0,1592.0,1272.0,1634.0,2135.0,1982.0,-0.013953488372093023,0.2533020252421485,-0.052980132450331126,0.05690404464417991,47.92679887999998
-73.89917,40.84107,1198.0,1482.0,1632.0,1856.0,1492.0,1476.0,1691.0,1954.0,1544.0,1719.0,1641.0,0.025721784776902887,-0.0639803974952355,-0.0897936419408812,0.11887585707433151,48.43950188000002
-73.88878333,40.82164667,909.0,1072.0,1222.0,1178.0,1286.0,1269.0,1434.0,1378.0,1434.0,1567.0,1396.0,0.0782472613458529,0.06417657045840408,-0.06,0.174068300464037,44.56688522000002
-73.90921167,40.82412667,1181.0,962.0,1024.0,1122.0,1286.0,1366.0,1366.0,1228.0,1420.0,1597.0,1530.0,0.0451063829787234,0.13061946902654867,-0.0905861456483126,0.08343485181266069,46.62795128000005
-73.92884,40.80909833,1110.0,1570.0,1700.0,1854.0,1861.0,1862.0,1982.0,1934.0,1890.0,2152.0,2091.0,0.021119324181626188,0.05335291238374939,-0.06439185470555861,0.05039271844334586,44.030256080000015
-73.89103333,40.82503167,1022.0,769.0,792.0,871.0,1215.0,1452.0,1532.0,908.0,1731.0,1525.0,1286.0,0.020798201236649803,0.25359638306617344,-0.06823529411764706,0.1175130245606,44.48143472000004
-73.91491,40.818105,1750.0,1104.0,1226.0,1224.0,1432.0,1736.0,1814.0,1332.0,1938.0,2296.0,2278.0,0.04225352112676056,0.2657111356119074,-0.04143862392494136,0.06480252825374841,48.67534526000003
-73.92616,40.80627833,1410.0,951.0,1023.0,1108.0,1388.0,1613.0,1715.0,1310.0,1681.0,1896.0,1715.0,0.08354011579818031,0.18278228321896445,-0.12301757393913416,0.17634102638894675,45.11376842000004
-73.94718333,40.80845833,1412.0,1000.0,1056.0,1382.0,1510.0,1797.0,1797.0,1512.0,1742.0,1911.0,1691.0,0.044920525224602624,0.1165644171779141,-0.17757009345794392,0.09332752743626539,44.867670980000014
-73.91743333,40.81610667,1135.0,1017.0,1102.0,1202.0,1053.0,1197.0,1150.0,1334.0,1259.0,1448.0,1394.0,0.052050473186119876,0.040977713874910136,-0.09523809523809523,0.1077529936604837,47.66019332000002
-73.91445333,40.80555833,1446.0,1496.0,1542.0,1674.0,1662.0,2038.0,2117.0,1788.0,2188.0,2274.0,2150.0,0.03292894280762565,0.11964549483013294,-0.07387387387387387,0.0783833520125081,47.42434994000001
-73.91591667,40.817195,1316.0,1374.0,1380.0,1506.0,1280.0,1393.0,1501.0,1750.0,1492.0,2017.0,1918.0,0.07493857493857493,0.07087868330236262,-0.1182108626198083,0.06188786545799198,47.36624360000002
-73.91909667,40.814215,1473.0,1630.0,1694.0,1936.0,2089.0,2015.0,2031.0,2036.0,2156.0,2435.0,2041.0,0.025176233635448138,0.08924178036233504,-0.09168900804289544,0.0620638945994207,47.59183292
-73.93051833,40.81357667,987.0,1226.0,1462.0,1794.0,1697.0,1568.0,1669.0,1802.0,1667.0,1835.0,1721.0,0.002224694104560623,0.009073412152873246,-0.10416666666666667,0.10375407959263878,45.71192192000001
-73.90755667,40.80937,1022.0,1542.0,1618.0,1808.0,1673.0,1572.0,1623.0,1924.0,1630.0,1923.0,1785.0,0.031082529474812434,-0.0002599428125812321,-0.08639186900056466,0.055252092882306106,49.03423736000002
-73.91728,40.81619667,1135.0,1168.0,1216.0,1330.0,1053.0,1197.0,1150.0,1454.0,1259.0,1448.0,1394.0,0.04454022988505747,-0.002067539627842867,-0.08913857677902622,0.1077529936604837,47.66019332000002
-73.891795,40.82432,1262.0,1017.0,1026.0,1160.0,1291.0,1386.0,1463.0,1152.0,1360.0,1780.0,1710.0,-0.0034602076124567475,0.21418826739427013,-0.05785123966942149,0.07826978166452446,44.867670980000014
-73.93133,40.82969667,549.0,574.0,822.0,678.0,966.0,2416.0,2957.0,2798.0,3094.0,1924.0,1195.0,0.6098964326812428,-0.18509106310885218,-0.5458563535911602,0.4113403399506942,40.181565560000024
-73.93543667,40.85721333,1237.0,925.0,1126.0,1196.0,1536.0,1966.0,1945.0,1900.0,2069.0,2214.0,1996.0,0.22739018087855298,0.07632474477394263,-0.255783212161269,0.40534238034703607,41.456487020000054
-73.89111167,40.82498333,966.0,838.0,895.0,810.0,862.0,916.0,872.0,918.0,928.0,1229.0,1115.0,0.0625,0.1448532836516069,-0.0126861555432984,0.1175130245606,44.48143472000004
-73.93073,40.81428833,1199.0,702.0,836.0,833.0,1202.0,1533.0,1498.0,1220.0,1528.0,1585.0,1334.0,0.1885046273745738,0.13012477718360071,-0.1867704280155642,0.20159348666286506,45.84864272000004
-73.89134,40.82487,966.0,768.0,846.0,875.0,1040.0,1066.0,1086.0,915.0,1085.0,1365.0,1281.0,0.0223463687150838,0.19736842105263158,-0.039182282793867124,0.12228067515076574,44.52586898000004
-73.89255833,40.818625,1211.0,1090.0,1228.0,1274.0,2089.0,2247.0,2110.0,1886.0,2168.0,2455.0,2138.0,0.19367088607594937,0.13107578898871228,-0.2113037893384714,0.11937785483279423,45.41455417999998
-73.93105667,40.857525,1782.0,857.0,922.0,917.0,1886.0,2779.0,3145.0,2934.0,3091.0,2891.0,2487.0,0.523760062321475,-0.007381974248927039,-0.5217842323651453,0.31799338645253994,40.05509882000001
-73.91175833,40.80445,1270.0,1708.0,1864.0,1936.0,2099.0,2127.0,2115.0,1912.0,2099.0,1873.0,1618.0,-0.006237006237006237,-0.010303830911492734,-0.012711864406779662,0.10387869399428029,46.699729700000034
-73.94712167,40.80843333,1412.0,1036.0,1198.0,1524.0,1432.0,1639.0,1747.0,1614.0,1591.0,1894.0,1718.0,0.028680688336520075,0.07981755986316989,-0.14793741109530584,0.09332752743626539,44.867670980000014
-73.933035,40.85603167,988.0,1648.0,1872.0,1900.0,1779.0,2039.0,2172.0,2496.0,2202.0,2415.0,2194.0,0.13557779799818018,-0.016493585827733658,-0.14285714285714285,0.18513686298045567,41.58295376000001
-73.909155,40.813145,864.0,1064.0,1144.0,1240.0,1435.0,1688.0,1754.0,1704.0,1730.0,1788.0,1576.0,0.15760869565217392,0.024054982817869417,-0.19662921348314608,0.4659253739897978,45.00097376000002
-73.92142333,40.81104333,1028.0,1066.0,1296.0,1302.0,1256.0,2005.0,2261.0,2344.0,2419.0,1745.0,1337.0,0.28579264947888094,-0.14649058449498656,-0.2879120879120879,0.20539634801288922,43.43210257999999
-73.9304,40.81352833,987.0,1334.0,1520.0,1714.0,1374.0,1466.0,1552.0,1862.0,1419.0,1683.0,1552.0,0.04138702460850112,-0.05049365303244006,-0.10112359550561797,0.08057658617545503,45.893076980000046
-73.92879167,40.80903667,1110.0,1570.0,1700.0,1854.0,1861.0,1862.0,1982.0,1934.0,1890.0,2152.0,2091.0,0.021119324181626188,0.05335291238374939,-0.06439185470555861,0.05039271844334586,44.030256080000015
-73.91342167,40.80518333,1439.0,1744.0,1954.0,2076.0,1796.0,2516.0,2754.0,2488.0,2801.0,2208.0,2192.0,0.09027169149868536,-0.059625212947189095,-0.12021611886537596,0.1883428158825456,47.10647408
-73.92964667,40.812905,864.0,1218.0,1330.0,1434.0,1546.0,1565.0,1608.0,1474.0,1611.0,1740.0,1633.0,0.013755158184319119,0.08276291225886745,-0.05135520684736091,0.06353112522913891,47.325227359999985
-73.92874167,40.80898833,1110.0,1452.0,1622.0,1844.0,1861.0,1862.0,1982.0,1914.0,1890.0,2152.0,2091.0,0.018626929217668974,0.05853418593212002,-0.08257918552036199,0.145648757284524,43.26461960000006
-73.91809667,40.81502667,1933.0,4188.0,4240.0,4052.0,4095.0,3973.0,3797.0,4824.0,4100.0,5039.0,3990.0,0.08697611536728256,0.021798641387001928,-0.06443071491615181,0.1394161839766014,46.03663382000002
-73.93569667,40.854865,965.0,1214.0,1174.0,1360.0,1416.0,2349.0,2778.0,2808.0,2692.0,2504.0,2034.0,0.3474088291746641,-0.0572289156626506,-0.4103465595178302,0.31850670403136255,42.96383384000001
-73.89262167,40.81855,1211.0,1408.0,1694.0,1998.0,2089.0,2247.0,2110.0,2394.0,2168.0,2455.0,2138.0,0.09016393442622951,0.012579913384202928,-0.17123287671232876,0.11937785483279423,45.41455417999998
-73.91469833,40.81827167,1616.0,1156.0,1248.0,1350.0,1355.0,1411.0,1530.0,1506.0,1650.0,1783.0,1467.0,0.0546218487394958,0.08422012769838856,-0.09368191721132897,0.1569604840090562,49.10601578000001
-73.93084667,40.81395,987.0,852.0,891.0,883.0,1073.0,1131.0,1210.0,974.0,1140.0,1373.0,1289.0,0.04900376952073236,0.170004260758415,-0.04450402144772118,0.06995808597003877,45.42822626000003
-73.93458833,40.85452333,1057.0,1246.0,1384.0,1428.0,1482.0,1829.0,2103.0,2042.0,2084.0,1793.0,1440.0,0.17694524495677233,-0.06492829204693612,-0.19206071220081727,0.30084151472650766,46.08106808000002
-73.92854167,40.80894167,1110.0,1146.0,1220.0,1272.0,1621.0,1589.0,1709.0,1494.0,1716.0,1939.0,1818.0,0.08026030368763558,0.12962423536265658,-0.10095799557848195,0.145648757284524,43.26461960000006
-73.912115,40.80492667,1653.0,1528.0,1786.0,2062.0,1970.0,1958.0,2008.0,2222.0,1894.0,2233.0,2316.0,0.03734827264239029,0.0024691358024691358,-0.10878243512974052,0.04744871120462915,46.57326296000002
-73.911665,40.82198,1245.0,1076.0,1108.0,1122.0,1414.0,1483.0,1673.0,1296.0,1658.0,1879.0,1699.0,0.07196029776674938,0.18362204724409448,-0.07820299500831947,0.14450234268949524,45.20605496000002
-73.91938833,40.81380333,1438.0,1344.0,1490.0,1610.0,2008.0,1954.0,1937.0,1886.0,2034.0,2585.0,2306.0,0.07894736842105263,0.15634086334153433,-0.11729857819905214,0.08540219281416601,47.73538976000003
-73.93103333,40.83317833,964.0,608.0,940.0,837.0,1690.0,2618.0,2949.0,2850.0,3116.0,2228.0,1593.0,0.5459723352318958,-0.12248916896415912,-0.503957783641161,0.362308442085883,42.06489457999999
-73.93464667,40.85454167,1142.0,1216.0,1410.0,1508.0,1588.0,2284.0,2168.0,2140.0,2374.0,2034.0,1700.0,0.17324561403508773,-0.02539530426449449,-0.2056338028169014,0.30084151472650766,46.08106808000002
-73.91722333,40.81541333,1900.0,3082.0,3636.0,4002.0,3243.0,2982.0,3287.0,3632.0,3427.0,4455.0,4606.0,-0.04846738276133089,0.10176827006306417,0.000550357732526142,0.10438843141193008,46.48781245999999
-73.911645,40.80440167,1270.0,1334.0,1356.0,1418.0,1513.0,1435.0,1461.0,1462.0,1387.0,1695.0,1553.0,0.015277777777777777,0.07380424453595186,-0.03761533002129169,0.09744540585084473,47.22268675999999
